feature_id,reflection,bin_key,center_row,center_col,detector_x,detector_y,peak_intensity,mean_snr,n_bins,spatial_extent,reason
1,(112),0_0,0,0,109,49,49.0,24.5,4,0_0 0_1 0_2 0_3,"Gaussian-like: 100% monotonic, 4 bins"
2,(012),0_0,0,0,191,193,43.0,12.3,3,0_0 0_1 0_2,"Gaussian-like: 67% monotonic, 3 bins"
3,(001),0_0,0,0,842,971,19.0,9.4,3,0_0 0_1 0_2,"Gaussian-like: 100% monotonic, 3 bins"
4,(111),0_1,0,1,374,751,123.7,33.3,4,0_0 0_1 0_2 0_3,"Gaussian-like: 100% monotonic, 4 bins"
5,(002),0_9,0,9,483,22,13.0,7.0,6,0_10 0_11 0_6 0_7 0_8 0_9,"Gaussian-like: 54% monotonic, 6 bins"
6,(002),0_15,0,15,442,43,14.0,7.2,3,0_14 0_15 0_16,"Gaussian-like: 100% monotonic, 3 bins"
7,(002),0_23,0,23,209,707,17.0,8.8,3,0_22 0_23 1_22,"Gaussian-like: 67% monotonic, 3 bins"
8,ITO,0_30,0,30,102,640,12.0,6.4,4,0_29 0_30 0_31 0_32,"Gaussian-like: 60% monotonic, 4 bins"
9,ITO,0_36,0,36,102,642,16.0,7.8,4,0_34 0_35 0_36 0_37,"Gaussian-like: 60% monotonic, 4 bins"
10,(002),0_39,0,39,463,4,15.0,7.8,2,0_38 0_39,"Gaussian-like: 100% monotonic, 2 bins"
11,ITO,0_39,0,39,101,646,34.0,17.9,2,0_39 0_40,"Gaussian-like: 100% monotonic, 2 bins"
12,(001),0_42,0,42,841,964,18.0,7.5,12,0_41 0_42 0_43 1_38 1_40 1_43 2_39 3_38 3_39 3_40 3_42 4_41,"Gaussian-like: 65% monotonic, 12 bins"
13,(002),0_44,0,44,463,7,12.0,7.1,2,0_44 0_45,"Gaussian-like: 100% monotonic, 2 bins"
14,(002),0_51,0,51,462,11,35.8,12.3,4,0_48 0_49 0_50 0_51,"Gaussian-like: 67% monotonic, 4 bins"
15,ITO,1_9,1,9,104,1002,24.6,8.0,2,0_9 1_9,"Gaussian-like: 100% monotonic, 2 bins"
16,(012),1_24,1,24,70,550,125.0,23.8,12,0_21 0_22 0_23 0_24 0_25 0_26 1_21 1_22 1_23 1_24 1_25 1_26,"Gaussian-like: 78% monotonic, 12 bins"
17,ITO,1_24,1,24,98,743,13.5,4.4,2,0_24 1_24,"Gaussian-like: 100% monotonic, 2 bins"
18,ITO,1_29,1,29,97,747,53.7,10.7,7,0_27 0_28 0_29 1_26 1_27 1_28 1_29,"Gaussian-like: 65% monotonic, 7 bins"
19,(001),1_38,1,38,962,402,20.0,12.5,2,1_38 1_39,"Gaussian-like: 100% monotonic, 2 bins"
20,(111),1_57,1,57,371,748,264.0,36.2,89,0_36 0_37 0_38 0_39 0_40 0_41 0_42 0_43 0_44 0_45 0_46 0_47 0_48 0_49 0_50 0_51 0_52 1_37 1_38 1_39 1_40 1_41 1_42 1_43 1_44 1_45 1_46 1_47 1_48 1_49 1_50 1_51 1_52 1_53 1_54 1_55 1_56 1_57 1_58 1_59 1_60 1_61 1_62 1_63 1_64 1_65 2_36 2_37 2_38 2_39 2_40 2_41 2_42 2_43 2_44 2_45 2_46 2_47 2_48 2_49 2_50 2_51 2_52 2_53 2_54 2_55 2_56 2_57 2_58 2_59 2_60 2_61 2_62 3_50 3_51 3_52 3_53 3_54 3_55 3_56 3_57 3_58 3_59 3_60 3_61 3_62 3_63 4_57 5_57,"Gaussian-like: 52% monotonic, 89 bins"
21,(001),1_57,1,57,841,969,30.0,10.3,22,0_45 0_46 0_47 0_49 0_51 0_52 1_45 1_46 1_47 1_48 1_49 1_50 1_51 1_52 1_53 1_54 1_55 1_56 1_57 1_58 1_59 1_60,"Gaussian-like: 56% monotonic, 22 bins"
22,(111),3_4,3,4,464,325,56.5,11.9,18,0_2 0_3 0_4 0_5 0_6 1_1 1_2 2_0 2_4 2_5 3_0 3_1 3_2 3_3 3_4 3_5 4_4 4_5,"Gaussian-like: 65% monotonic, 18 bins"
23,(012),3_7,3,7,192,247,33.5,8.5,2,3_6 3_7,"Gaussian-like: 100% monotonic, 2 bins"
24,(111),3_9,3,9,385,1021,6077.5,540.1,137,0_0 0_1 0_10 0_11 0_12 0_13 0_14 0_15 0_16 0_17 0_18 0_2 0_3 0_4 0_5 0_6 0_7 0_8 0_9 1_0 1_1 1_10 1_11 1_12 1_13 1_14 1_15 1_16 1_17 1_18 1_19 1_2 1_20 1_3 1_4 1_5 1_6 1_7 1_8 1_9 2_0 2_1 2_10 2_11 2_12 2_13 2_14 2_15 2_16 2_18 2_2 2_3 2_4 2_5 2_6 2_7 2_8 2_9 3_0 3_1 3_10 3_11 3_12 3_13 3_14 3_15 3_16 3_2 3_3 3_4 3_5 3_6 3_7 3_8 3_9 4_0 4_1 4_10 4_11 4_12 4_13 4_2 4_3 4_4 4_7 4_8 4_9 5_0 5_1 5_10 5_11 5_12 5_13 5_2 5_3 5_4 5_5 5_6 5_7 5_8 5_9 6_0 6_1 6_10 6_11 6_2 6_3 6_4 6_5 6_6 6_7 6_8 6_9 7_0 7_1 7_10 7_2 7_3 7_4 7_5 7_6 7_7 7_8 7_9 8_0 8_1 8_2 8_3 8_4 8_5 8_6 8_7 8_8 8_9 9_6 9_7 9_8,"Gaussian-like: 71% monotonic, 137 bins"
25,(012),3_21,3,21,83,1057,619.0,51.9,140,0_12 0_13 0_14 0_15 0_16 0_17 0_18 0_19 0_20 0_21 0_22 0_23 0_24 10_12 10_13 10_14 10_15 10_16 10_17 10_18 10_19 11_13 11_14 11_15 11_16 11_17 11_18 11_19 12_13 12_14 12_15 12_16 12_17 12_18 12_19 12_20 13_13 13_14 13_15 13_16 13_17 14_14 14_15 14_16 14_17 14_18 15_14 15_16 16_14 1_13 1_14 1_15 1_16 1_17 1_18 1_19 1_20 1_21 1_22 1_23 1_24 2_10 2_11 2_12 2_13 2_14 2_15 2_16 2_17 2_18 2_19 2_20 2_21 3_12 3_13 3_14 3_15 3_16 3_17 3_18 3_19 3_20 3_21 3_22 4_12 4_13 4_14 4_15 4_16 4_17 4_18 4_19 4_20 4_21 5_12 5_13 5_14 5_15 5_16 5_17 5_18 5_19 5_20 5_21 6_13 6_14 6_15 6_16 6_17 6_18 6_19 6_20 6_21 7_12 7_13 7_14 7_15 7_16 7_17 7_18 7_19 7_20 8_12 8_13 8_14 8_15 8_16 8_17 8_18 8_19 8_20 9_12 9_13 9_14 9_15 9_16 9_17 9_18 9_19 9_20,"Gaussian-like: 79% monotonic, 140 bins"
26,(111),3_24,3,24,443,337,48.7,9.5,6,3_21 3_22 3_23 3_24 4_23 4_24,"Gaussian-like: 79% monotonic, 6 bins"
27,(001),3_34,3,34,946,404,21.0,7.5,18,1_32 1_34 1_35 2_30 2_31 2_32 2_33 2_34 3_30 3_31 3_32 3_33 3_34 4_30 4_31 4_32 4_33 4_34,"Gaussian-like: 52% monotonic, 18 bins"
28,ITO,3_35,3,35,92,925,58.6,9.8,10,0_35 1_34 2_34 3_30 3_31 3_32 3_33 3_34 3_35 4_34,"Gaussian-like: 70% monotonic, 10 bins"
29,ITO,3_35,3,35,103,936,78.5,9.0,12,2_35 3_27 3_28 3_29 3_30 3_31 3_32 3_33 3_34 3_35 4_34 4_35,"Gaussian-like: 71% monotonic, 12 bins"
30,(001),3_38,3,38,818,716,759.0,49.2,385,0_37 0_40 10_19 10_20 10_21 10_22 10_23 10_24 10_25 10_26 10_27 10_28 10_29 10_30 10_31 10_32 10_33 10_34 10_35 10_36 10_37 10_38 10_39 10_40 11_20 11_21 11_22 11_23 11_24 11_25 11_26 11_27 11_28 11_29 11_30 11_31 11_32 11_33 11_34 11_35 11_36 11_37 11_38 11_39 11_40 12_19 12_20 12_21 12_22 12_23 12_24 12_25 12_26 12_27 12_28 12_29 12_30 12_31 12_32 12_33 12_34 12_35 12_36 12_37 12_38 12_39 12_40 13_20 13_21 13_22 13_23 13_24 13_25 13_26 13_27 13_28 13_29 13_30 13_31 13_32 13_33 13_34 13_35 13_36 13_37 13_38 13_39 13_40 14_27 14_29 14_30 14_31 14_33 14_34 14_35 14_36 14_37 14_38 14_39 14_40 15_31 15_33 15_34 15_35 15_37 15_38 15_39 15_40 16_33 16_35 16_36 16_37 16_38 16_39 16_40 17_33 17_35 17_36 17_37 17_38 17_39 17_40 18_36 18_37 18_38 18_39 19_33 19_36 19_37 19_38 19_39 19_40 1_19 1_21 1_22 1_23 1_24 1_25 1_26 1_27 1_28 1_29 1_30 1_31 1_32 1_33 1_34 1_35 1_36 1_37 1_38 1_39 1_40 1_41 1_42 1_43 20_34 20_35 20_36 20_37 20_38 20_39 20_40 21_30 21_31 21_32 21_33 21_34 21_35 21_36 21_37 21_38 21_39 21_40 22_33 22_36 22_37 22_38 22_39 22_40 23_33 23_35 23_36 23_37 23_38 23_39 23_40 24_38 2_15 2_16 2_17 2_18 2_19 2_20 2_21 2_22 2_23 2_24 2_25 2_26 2_27 2_28 2_29 2_30 2_31 2_32 2_33 2_34 2_35 2_36 2_37 2_38 2_39 2_40 2_41 3_17 3_18 3_19 3_20 3_21 3_22 3_23 3_24 3_25 3_26 3_27 3_28 3_29 3_30 3_31 3_32 3_33 3_34 3_35 3_36 3_37 3_38 3_39 3_40 3_41 3_42 4_17 4_18 4_19 4_20 4_21 4_22 4_23 4_24 4_25 4_26 4_27 4_28 4_29 4_30 4_31 4_32 4_33 4_34 4_35 4_36 4_37 4_38 4_39 4_40 4_41 4_42 5_17 5_18 5_19 5_20 5_21 5_22 5_23 5_24 5_25 5_26 5_27 5_28 5_29 5_30 5_31 5_32 5_33 5_34 5_35 5_36 5_37 5_38 5_39 5_40 5_41 6_18 6_19 6_20 6_21 6_22 6_23 6_24 6_25 6_26 6_27 6_28 6_29 6_30 6_31 6_32 6_33 6_34 6_35 6_36 6_37 6_38 6_39 6_40 6_41 7_19 7_20 7_21 7_22 7_23 7_24 7_25 7_26 7_27 7_28 7_29 7_30 7_31 7_32 7_33 7_34 7_35 7_36 7_37 7_38 7_39 7_40 7_41 8_18 8_19 8_20 8_21 8_22 8_23 8_24 8_25 8_26 8_27 8_28 8_29 8_30 8_31 8_32 8_33 8_34 8_35 8_36 8_37 8_38 8_39 8_40 9_19 9_20 9_21 9_22 9_23 9_24 9_25 9_26 9_27 9_28 9_29 9_30 9_31 9_32 9_33 9_34 9_35 9_36 9_37 9_38 9_39 9_40 9_41,"Gaussian-like: 72% monotonic, 385 bins"
31,(001),3_44,3,44,840,966,15.0,7.8,4,3_44 3_45 3_46 4_46,"Gaussian-like: 100% monotonic, 4 bins"
32,(001),3_48,3,48,840,968,11.0,7.2,3,3_48 3_49 4_48,"Gaussian-like: 50% monotonic, 3 bins"
33,(001),3_57,3,57,840,970,20.0,9.1,19,3_51 3_52 3_53 3_54 3_55 3_56 3_57 3_58 3_59 3_60 3_61 3_62 4_55 5_51 5_52 5_53 5_54 5_55 5_56,"Gaussian-like: 62% monotonic, 19 bins"
34,(012),3_71,3,71,132,336,70.0,35.7,3,3_70 3_71 3_72,"Gaussian-like: 100% monotonic, 3 bins"
35,(001),3_72,3,72,821,722,273.0,118.7,3,3_70 3_71 3_72,"Gaussian-like: 100% monotonic, 3 bins"
36,(001),4_0,4,0,849,559,34.0,11.9,7,3_0 3_1 3_2 4_0 4_1 4_2 5_0,"Gaussian-like: 61% monotonic, 7 bins"
37,ITO,4_10,4,10,164,338,37.6,9.0,4,3_10 4_10 4_8 4_9,"Gaussian-like: 100% monotonic, 4 bins"
38,(002),4_16,4,16,442,44,31.0,8.6,4,3_15 3_16 4_15 4_16,"Gaussian-like: 60% monotonic, 4 bins"
39,(012),4_44,4,44,53,928,139.0,14.8,43,3_33 3_36 3_40 3_41 3_42 3_43 3_44 3_45 3_46 4_25 4_26 4_27 4_28 4_29 4_30 4_31 4_32 4_33 4_34 4_35 4_36 4_37 4_38 4_39 4_40 4_41 4_42 4_43 4_44 4_45 4_46 5_34 5_36 5_37 5_38 5_39 5_40 5_41 5_42 5_43 5_44 5_45 5_46,"Gaussian-like: 68% monotonic, 43 bins"
40,(111),5_55,5,55,370,751,16.3,9.2,2,5_54 5_55,"Gaussian-like: 100% monotonic, 2 bins"
41,(112),5_56,5,56,104,46,225.0,44.5,321,0_37 0_38 0_39 0_40 0_41 0_42 0_43 0_44 0_45 0_46 0_47 0_48 0_49 0_50 0_51 0_52 10_38 10_39 10_40 10_41 10_42 10_43 10_44 10_45 10_46 10_47 10_48 10_49 10_50 10_51 10_52 10_53 10_54 10_55 10_56 10_57 10_58 10_59 10_60 10_61 10_62 11_42 11_43 11_44 11_45 11_46 11_47 11_48 11_49 11_50 11_51 11_52 11_53 11_54 11_55 11_56 11_57 11_58 11_59 11_60 11_61 11_62 1_37 1_38 1_39 1_40 1_41 1_42 1_43 1_44 1_45 1_46 1_47 1_48 1_49 1_50 1_51 1_52 1_53 1_54 1_55 1_56 1_57 1_58 1_59 1_60 1_61 1_62 1_63 1_64 1_65 2_34 2_35 2_36 2_37 2_38 2_39 2_40 2_41 2_42 2_43 2_44 2_45 2_46 2_47 2_48 2_49 2_50 2_51 2_52 2_53 2_54 2_55 2_56 2_57 2_58 2_59 2_60 2_61 2_62 3_36 3_37 3_38 3_39 3_40 3_41 3_42 3_43 3_44 3_45 3_46 3_47 3_48 3_49 3_50 3_51 3_52 3_53 3_54 3_55 3_56 3_57 3_58 3_59 3_60 3_61 3_62 3_63 3_64 3_65 3_66 3_67 3_68 3_69 3_70 3_71 3_72 4_36 4_37 4_38 4_39 4_40 4_41 4_42 4_43 4_44 4_45 4_46 4_47 4_48 4_49 4_50 4_51 4_52 4_53 4_54 4_55 4_56 4_57 4_58 4_59 4_60 4_61 4_62 5_36 5_37 5_38 5_39 5_40 5_41 5_42 5_43 5_44 5_45 5_46 5_47 5_48 5_49 5_50 5_51 5_52 5_53 5_54 5_55 5_56 5_57 5_58 5_59 5_60 5_61 5_62 5_63 6_35 6_36 6_37 6_38 6_39 6_40 6_41 6_42 6_43 6_44 6_45 6_46 6_47 6_48 6_49 6_50 6_51 6_52 6_53 6_54 6_55 6_56 6_57 6_58 6_59 6_60 6_61 6_62 7_35 7_36 7_37 7_38 7_39 7_40 7_41 7_42 7_43 7_44 7_45 7_46 7_47 7_48 7_49 7_50 7_51 7_52 7_53 7_54 7_55 7_56 7_57 7_58 7_59 7_60 7_61 7_62 8_36 8_37 8_38 8_39 8_40 8_41 8_42 8_43 8_44 8_45 8_46 8_47 8_48 8_49 8_50 8_51 8_52 8_53 8_54 8_55 8_56 8_57 8_58 8_59 8_60 8_61 8_62 9_37 9_38 9_39 9_40 9_41 9_42 9_43 9_44 9_45 9_46 9_47 9_48 9_49 9_50 9_51 9_52 9_53 9_54 9_55 9_56 9_57 9_58 9_59 9_60 9_61 9_62,"Gaussian-like: 68% monotonic, 321 bins"
42,(111),6_0,6,0,479,320,83.8,20.0,6,4_0 4_1 5_0 5_1 6_0 7_0,"Gaussian-like: 93% monotonic, 6 bins"
43,(002),6_11,6,11,205,701,30.0,6.3,5,6_10 6_11 6_9 7_10 7_11,"Gaussian-like: 56% monotonic, 5 bins"
44,(001),6_24,6,24,960,385,614.0,74.1,369,0_10 0_11 0_12 0_13 0_14 0_15 0_16 0_17 0_18 0_19 0_20 0_21 0_22 0_23 0_24 0_25 0_3 0_33 0_34 0_35 0_36 0_4 0_5 0_6 0_7 0_8 0_9 10_10 10_11 10_12 10_13 10_14 10_15 10_16 10_17 10_18 10_19 10_20 10_21 10_22 10_23 10_24 10_25 10_4 10_5 10_6 10_7 10_8 10_9 11_10 11_11 11_13 11_14 11_15 11_16 11_17 11_18 11_19 11_20 11_21 11_22 11_23 11_24 11_5 11_6 11_8 11_9 12_10 12_11 12_12 12_13 12_14 12_15 12_16 12_17 12_18 12_19 12_20 12_21 12_22 12_23 12_24 12_25 12_4 12_5 12_6 12_7 12_8 12_9 13_10 13_11 13_12 13_13 13_14 13_15 13_16 13_17 13_18 13_19 13_20 13_21 13_22 13_23 13_24 13_4 13_5 13_6 13_7 13_8 13_9 14_12 14_13 14_14 14_15 14_16 14_17 14_18 14_19 14_20 14_21 14_22 14_23 14_24 14_4 14_6 14_7 14_8 14_9 1_1 1_10 1_11 1_12 1_13 1_14 1_15 1_16 1_17 1_18 1_19 1_2 1_20 1_21 1_22 1_23 1_24 1_25 1_26 1_27 1_28 1_29 1_3 1_33 1_34 1_35 1_36 1_4 1_5 1_6 1_7 1_8 1_9 2_0 2_1 2_10 2_11 2_12 2_13 2_14 2_15 2_16 2_17 2_18 2_19 2_2 2_20 2_21 2_22 2_23 2_24 2_25 2_26 2_3 2_30 2_31 2_32 2_34 2_35 2_36 2_4 2_5 2_6 2_7 2_8 2_9 3_10 3_11 3_12 3_13 3_14 3_15 3_16 3_17 3_18 3_19 3_2 3_20 3_21 3_22 3_23 3_24 3_25 3_26 3_3 3_35 3_36 3_4 3_5 3_6 3_7 3_8 3_9 4_10 4_11 4_12 4_13 4_14 4_15 4_16 4_17 4_18 4_19 4_2 4_20 4_21 4_22 4_23 4_24 4_25 4_26 4_3 4_4 4_5 4_6 4_7 4_8 4_9 5_1 5_10 5_11 5_12 5_13 5_14 5_15 5_16 5_17 5_18 5_19 5_2 5_20 5_21 5_22 5_23 5_24 5_25 5_26 5_3 5_4 5_5 5_6 5_7 5_8 5_9 6_1 6_10 6_11 6_12 6_13 6_14 6_15 6_16 6_17 6_18 6_19 6_2 6_20 6_21 6_22 6_23 6_24 6_25 6_26 6_3 6_4 6_5 6_6 6_7 6_8 6_9 7_10 7_11 7_12 7_13 7_14 7_15 7_16 7_17 7_18 7_19 7_2 7_20 7_21 7_22 7_23 7_24 7_25 7_26 7_3 7_4 7_5 7_6 7_7 7_8 7_9 8_10 8_11 8_12 8_13 8_14 8_15 8_16 8_17 8_18 8_19 8_20 8_21 8_22 8_23 8_24 8_25 8_26 8_3 8_4 8_5 8_6 8_7 8_8 8_9 9_10 9_11 9_12 9_13 9_14 9_15 9_16 9_17 9_18 9_19 9_20 9_21 9_22 9_23 9_24 9_25 9_4 9_5 9_6 9_7 9_8 9_9,"Gaussian-like: 57% monotonic, 369 bins"
45,ITO,6_24,6,24,159,377,25.5,7.2,2,6_24 6_25,"Gaussian-like: 100% monotonic, 2 bins"
46,(012),6_37,6,37,131,329,399.0,32.4,265,0_21 0_22 0_23 0_25 0_26 0_27 0_30 0_31 0_32 0_33 0_34 0_35 0_36 0_37 0_38 0_39 0_40 10_21 10_23 10_24 10_25 10_26 10_27 10_28 10_29 10_30 10_31 10_32 10_33 10_34 10_35 10_36 10_37 10_38 11_21 11_24 11_25 11_26 11_27 11_28 11_29 11_30 11_32 11_33 11_34 11_35 11_36 11_37 11_38 12_37 12_38 1_18 1_19 1_20 1_21 1_22 1_23 1_24 1_25 1_26 1_27 1_28 1_29 1_30 1_31 1_32 1_33 1_34 1_35 1_36 1_37 1_38 1_39 1_40 1_41 1_42 1_43 2_16 2_17 2_18 2_19 2_20 2_21 2_22 2_23 2_24 2_25 2_26 2_27 2_28 2_29 2_30 2_31 2_32 2_33 2_34 2_35 2_36 2_37 2_38 2_39 2_40 2_41 3_17 3_18 3_19 3_20 3_21 3_22 3_23 3_24 3_25 3_26 3_27 3_28 3_29 3_30 3_31 3_32 3_33 3_34 3_35 3_36 3_37 3_38 3_39 3_40 4_18 4_19 4_20 4_21 4_22 4_23 4_24 4_25 4_26 4_27 4_28 4_29 4_30 4_31 4_32 4_33 4_34 4_35 4_36 4_37 4_38 4_39 4_40 5_18 5_19 5_20 5_21 5_22 5_23 5_24 5_25 5_26 5_27 5_28 5_29 5_30 5_31 5_32 5_33 5_34 5_35 5_36 5_37 5_38 5_39 5_40 6_17 6_18 6_19 6_20 6_21 6_22 6_23 6_24 6_25 6_26 6_27 6_28 6_29 6_30 6_31 6_32 6_33 6_34 6_35 6_36 6_37 6_38 6_39 6_40 7_17 7_18 7_19 7_20 7_21 7_22 7_23 7_24 7_25 7_26 7_27 7_28 7_29 7_30 7_31 7_32 7_33 7_34 7_35 7_36 7_37 7_38 7_39 7_40 8_17 8_18 8_19 8_20 8_21 8_22 8_23 8_24 8_25 8_26 8_27 8_28 8_29 8_30 8_31 8_32 8_33 8_34 8_35 8_36 8_37 8_38 8_39 9_18 9_20 9_21 9_22 9_23 9_24 9_25 9_26 9_27 9_28 9_29 9_30 9_31 9_32 9_33 9_34 9_35 9_36 9_37 9_38 9_39,"Gaussian-like: 63% monotonic, 265 bins"
47,ITO,7_28,7,28,98,571,24.8,7.3,2,6_28 7_28,"Gaussian-like: 100% monotonic, 2 bins"
48,ITO,7_28,7,28,102,589,36.7,9.2,2,7_28 7_29,"Gaussian-like: 100% monotonic, 2 bins"
49,(111),7_53,7,53,361,738,13.3,7.2,6,7_52 7_53 8_51 8_52 8_53 9_53,"Gaussian-like: 93% monotonic, 6 bins"
50,(111),7_58,7,58,362,740,19.4,6.6,2,7_58 8_58,"Gaussian-like: 100% monotonic, 2 bins"
51,(001),8_12,8,12,874,505,24.0,9.4,10,3_11 3_12 4_12 5_12 6_11 6_12 7_11 7_12 8_11 8_12,"Gaussian-like: 67% monotonic, 10 bins"
52,(001),8_32,8,32,877,509,28.0,9.1,54,0_32 10_30 10_31 10_32 10_33 10_34 10_35 11_31 11_32 11_33 11_34 11_35 12_32 1_31 1_32 1_33 2_32 3_31 3_32 3_34 4_31 4_32 4_33 5_31 5_32 5_33 5_34 6_31 6_32 6_33 6_34 6_35 7_30 7_31 7_32 7_33 7_34 7_35 8_27 8_29 8_30 8_31 8_32 8_33 8_34 8_35 8_36 9_28 9_30 9_31 9_32 9_33 9_34 9_35,"Gaussian-like: 65% monotonic, 54 bins"
53,(111),9_0,9,0,477,321,23.0,6.4,3,10_0 11_0 9_0,"Gaussian-like: 100% monotonic, 3 bins"
54,ITO,9_2,9,2,108,1035,26.9,7.5,2,10_1 9_2,"Gaussian-like: 100% monotonic, 2 bins"
55,ITO,9_2,9,2,103,1020,24.9,6.8,2,10_1 9_2,"Gaussian-like: 100% monotonic, 2 bins"
56,(002),9_8,9,8,208,700,21.0,5.7,2,9_7 9_8,"Gaussian-like: 100% monotonic, 2 bins"
57,(002),9_23,9,23,207,705,138.0,13.9,96,10_10 10_12 10_13 10_14 10_15 10_16 10_17 10_18 10_19 10_20 10_21 10_22 10_23 11_19 11_20 11_21 11_22 2_20 2_21 2_22 2_23 3_14 3_15 3_16 3_17 3_18 3_19 3_20 3_21 3_22 3_23 3_24 4_16 4_17 4_18 4_19 4_20 4_21 4_22 4_23 4_24 5_17 5_18 5_19 5_20 5_21 5_22 5_23 5_24 6_13 6_14 6_15 6_16 6_17 6_18 6_19 6_20 6_21 6_22 6_23 6_24 7_13 7_15 7_16 7_17 7_18 7_19 7_20 7_21 7_22 7_23 7_24 8_15 8_16 8_17 8_18 8_19 8_20 8_21 8_22 8_23 8_24 9_10 9_11 9_13 9_14 9_15 9_16 9_17 9_18 9_19 9_20 9_21 9_22 9_23 9_24,"Gaussian-like: 73% monotonic, 96 bins"
58,(001),9_56,9,56,836,968,60.0,17.3,117,10_35 10_36 10_37 10_38 10_39 10_40 10_41 10_42 10_43 10_44 10_45 10_46 10_47 10_48 10_49 10_50 10_51 10_52 10_53 10_54 10_55 10_56 10_57 10_58 10_59 10_60 10_61 11_36 11_37 11_38 11_39 11_40 11_41 11_42 11_43 11_44 11_45 11_46 11_47 11_48 11_49 11_50 11_51 11_52 11_53 11_54 11_55 11_56 11_57 11_58 11_59 11_60 11_61 11_62 6_45 6_47 7_37 7_42 7_43 7_44 7_46 7_47 7_48 7_51 7_52 7_53 7_54 7_55 7_56 7_57 7_58 7_60 8_37 8_38 8_39 8_40 8_41 8_42 8_44 8_45 8_46 8_47 8_49 8_54 8_55 8_56 8_57 8_58 8_59 9_35 9_36 9_37 9_38 9_39 9_40 9_41 9_42 9_43 9_44 9_45 9_46 9_47 9_48 9_49 9_50 9_51 9_52 9_53 9_54 9_55 9_56 9_57 9_58 9_59 9_60 9_61 9_62,"Gaussian-like: 60% monotonic, 117 bins"
59,(002),10_6,10,6,203,889,24.0,7.1,2,10_5 10_6,"Gaussian-like: 100% monotonic, 2 bins"
60,(112),11_2,11,2,100,73,15.0,7.5,2,10_3 11_2,"Gaussian-like: 100% monotonic, 2 bins"
61,(111),11_27,11,27,357,790,21.9,6.6,2,11_26 11_27,"Gaussian-like: 100% monotonic, 2 bins"
62,(002),11_60,11,60,201,912,9.0,5.7,2,11_59 11_60,"Gaussian-like: 100% monotonic, 2 bins"
63,(002),12_14,12,14,212,701,18.0,5.9,2,12_13 12_14,"Gaussian-like: 100% monotonic, 2 bins"
64,(012),12_15,12,15,253,80,22.0,6.4,3,12_15 12_16 13_16,"Gaussian-like: 67% monotonic, 3 bins"
65,(002),12_23,12,23,212,706,82.0,11.5,14,11_23 11_24 12_17 12_19 12_20 12_21 12_22 12_23 12_24 13_18 13_20 13_21 13_22 13_23,"Gaussian-like: 83% monotonic, 14 bins"
66,(002),12_35,12,35,254,1035,63.0,10.5,6,11_34 12_31 12_32 12_33 12_34 12_35,"Gaussian-like: 87% monotonic, 6 bins"
67,ITO,13_35,13,35,100,852,28.6,7.6,4,11_35 12_35 13_34 13_35,"Gaussian-like: 100% monotonic, 4 bins"
68,(112),13_40,13,40,3,287,30.9,10.3,6,12_38 12_39 12_40 13_38 13_39 13_40,"Gaussian-like: 71% monotonic, 6 bins"
69,ITO,13_44,13,44,259,131,61.9,10.6,9,12_43 12_44 13_38 13_39 13_40 13_41 13_42 13_43 13_44,"Gaussian-like: 86% monotonic, 9 bins"
70,(012),14_27,14,27,229,117,67.0,13.9,19,13_27 14_25 14_26 14_27 14_28 15_25 15_26 15_27 15_28 16_26 16_27 17_27 17_28 18_26 18_27 18_28 19_26 19_27 20_27,"Gaussian-like: 69% monotonic, 19 bins"
71,(001),15_12,15,12,874,506,25.0,9.8,21,12_10 12_11 13_11 13_12 14_11 15_11 15_12 16_12 17_11 17_12 18_12 19_11 19_12 20_11 20_12 21_11 21_12 22_11 22_12 23_12 24_11,"Gaussian-like: 57% monotonic, 21 bins"
72,(001),15_49,15,49,916,446,1964.0,165.9,552,10_28 10_29 10_30 10_31 10_32 10_33 10_34 10_35 10_36 10_37 10_38 10_39 10_40 10_41 10_42 10_43 10_44 10_45 10_46 10_47 10_48 10_49 10_50 10_51 11_28 11_29 11_30 11_31 11_32 11_33 11_34 11_35 11_36 11_37 11_38 11_39 11_40 11_41 11_42 11_43 11_44 11_45 11_46 11_47 11_48 11_49 11_50 11_51 12_28 12_29 12_30 12_31 12_32 12_33 12_34 12_35 12_36 12_37 12_38 12_39 12_40 12_41 12_42 12_43 12_44 12_45 12_46 12_47 12_48 12_49 12_50 12_51 13_28 13_29 13_30 13_31 13_32 13_33 13_34 13_35 13_36 13_37 13_38 13_39 13_40 13_41 13_42 13_43 13_44 13_45 13_46 13_47 13_48 13_49 13_50 13_51 14_28 14_29 14_30 14_31 14_32 14_33 14_34 14_35 14_36 14_37 14_38 14_39 14_40 14_41 14_42 14_43 14_44 14_45 14_46 14_47 14_48 14_49 14_50 15_28 15_29 15_30 15_31 15_32 15_33 15_34 15_35 15_36 15_37 15_38 15_39 15_40 15_41 15_42 15_43 15_44 15_45 15_46 15_47 15_48 15_49 15_50 15_51 16_28 16_29 16_30 16_31 16_32 16_33 16_34 16_35 16_36 16_37 16_38 16_39 16_40 16_41 16_42 16_43 16_44 16_45 16_46 16_47 16_48 16_49 16_50 17_29 17_30 17_31 17_32 17_33 17_34 17_35 17_36 17_37 17_38 17_39 17_40 17_41 17_42 17_43 17_44 17_45 17_46 17_47 17_48 17_49 17_50 17_51 18_28 18_29 18_30 18_31 18_32 18_33 18_34 18_35 18_36 18_37 18_38 18_39 18_40 18_41 18_42 18_43 18_44 18_45 18_46 18_47 18_48 18_49 18_50 18_51 19_28 19_29 19_30 19_31 19_32 19_33 19_34 19_35 19_36 19_37 19_38 19_39 19_40 19_41 19_42 19_43 19_44 19_45 19_46 19_47 19_48 19_49 19_50 19_51 20_28 20_29 20_30 20_31 20_32 20_33 20_34 20_35 20_36 20_37 20_38 20_39 20_40 20_41 20_42 20_43 20_44 20_45 20_46 20_47 20_48 20_49 20_50 21_27 21_28 21_29 21_30 21_31 21_32 21_33 21_34 21_35 21_36 21_37 21_38 21_39 21_40 21_41 21_42 21_43 21_44 21_45 21_46 21_47 21_48 21_49 21_50 21_51 22_27 22_28 22_29 22_30 22_31 22_32 22_33 22_34 22_35 22_36 22_37 22_38 22_39 22_40 22_41 22_42 22_43 22_44 22_45 22_46 22_47 22_48 22_49 22_50 23_26 23_27 23_28 23_29 23_30 23_31 23_32 23_33 23_34 23_35 23_36 23_37 23_38 23_39 23_40 23_41 23_42 23_43 23_44 23_45 23_46 23_47 23_48 23_49 23_50 24_28 24_29 24_30 24_31 24_32 24_33 24_34 24_35 24_36 24_37 24_38 24_39 24_40 24_41 24_42 24_43 24_44 24_45 24_46 24_47 24_48 24_49 25_28 25_29 25_31 25_32 25_33 25_34 25_35 25_36 25_37 25_38 25_39 25_40 25_41 25_42 25_43 25_44 25_45 25_46 25_47 25_48 25_49 26_28 26_29 26_30 26_31 26_32 26_33 26_34 26_35 26_36 26_37 26_38 26_39 26_40 26_41 26_42 26_43 26_44 26_45 26_46 26_47 26_48 26_49 27_30 27_31 27_33 27_35 27_36 27_37 27_38 27_39 27_40 27_41 27_43 27_44 27_45 27_46 27_47 27_48 27_49 28_41 28_42 28_43 28_44 28_45 28_46 28_47 28_48 28_49 3_45 3_46 3_47 3_48 3_49 4_42 4_44 4_45 4_46 4_47 4_48 4_49 5_34 5_35 5_36 5_37 5_38 5_39 5_40 5_41 5_42 5_43 5_44 5_45 5_46 5_47 5_48 5_49 5_50 6_29 6_30 6_31 6_32 6_33 6_34 6_35 6_36 6_37 6_38 6_39 6_40 6_41 6_42 6_43 6_44 6_45 6_46 6_47 6_48 6_49 6_50 7_28 7_29 7_30 7_31 7_32 7_33 7_34 7_35 7_36 7_37 7_38 7_39 7_40 7_41 7_42 7_43 7_44 7_45 7_46 7_47 7_48 7_49 7_50 7_51 7_52 8_28 8_29 8_30 8_31 8_32 8_33 8_34 8_35 8_36 8_37 8_38 8_39 8_40 8_41 8_42 8_43 8_44 8_45 8_46 8_47 8_48 8_49 8_50 8_51 8_52 9_28 9_29 9_30 9_31 9_32 9_33 9_34 9_35 9_36 9_37 9_38 9_39 9_40 9_41 9_42 9_43 9_44 9_45 9_46 9_47 9_48 9_49 9_50 9_51 9_52 9_53,"Gaussian-like: 73% monotonic, 552 bins"
73,(001),15_62,15,62,918,452,1697.9,188.8,69,10_59 10_60 10_61 10_62 11_60 11_61 11_62 12_60 12_61 12_62 13_60 13_61 13_62 14_60 14_61 14_62 15_60 15_61 15_62 16_60 16_61 16_62 17_60 17_61 17_62 18_60 18_61 18_62 19_60 19_61 19_62 20_60 20_61 20_62 21_60 21_61 21_62 21_63 22_61 22_62 23_61 23_62 24_62 25_62 26_62 27_62 28_62 3_61 3_62 4_62 5_61 5_62 5_63 6_61 6_62 7_59 7_60 7_61 7_62 8_57 8_59 8_60 8_61 8_62 9_58 9_59 9_60 9_61 9_62,"Gaussian-like: 70% monotonic, 69 bins"
74,(002),16_24,16,24,183,703,18.0,5.2,2,15_25 16_24,"Gaussian-like: 100% monotonic, 2 bins"
75,(002),17_12,17,12,449,40,20.0,6.2,2,17_11 17_12,"Gaussian-like: 100% monotonic, 2 bins"
76,(002),17_25,17,25,189,707,27.0,8.6,2,17_25 18_24,"Gaussian-like: 100% monotonic, 2 bins"
77,(001),17_31,17,31,816,717,12.0,4.9,3,17_30 17_31 18_31,"Gaussian-like: 100% monotonic, 3 bins"
78,(111),17_55,17,55,361,748,85.1,15.8,140,13_54 13_55 13_56 13_57 13_58 14_53 14_54 14_56 15_50 15_52 15_53 15_54 15_55 15_56 15_57 15_58 15_59 15_60 16_42 16_45 16_46 16_47 16_48 16_49 16_51 16_52 16_53 16_54 16_55 16_56 16_57 16_58 16_59 16_60 17_37 17_38 17_39 17_41 17_42 17_43 17_44 17_45 17_46 17_47 17_48 17_49 17_50 17_51 17_52 17_53 17_54 17_55 17_56 17_57 17_58 17_59 17_60 17_61 17_62 18_36 18_37 18_38 18_39 18_40 18_41 18_42 18_43 18_44 18_45 18_46 18_47 18_48 18_49 18_50 18_51 18_52 18_53 18_54 18_55 18_56 18_57 18_58 18_59 18_60 18_61 18_62 19_36 19_37 19_38 19_39 19_40 19_41 19_42 19_43 19_44 19_45 19_46 19_47 19_48 19_49 19_50 19_51 19_52 19_53 19_54 19_55 19_56 19_57 19_58 19_59 19_60 19_61 19_62 20_42 20_43 20_45 20_46 20_47 20_48 20_50 20_51 20_52 20_53 20_54 20_55 20_56 20_57 20_58 20_59 20_60 20_61 20_62 21_50 21_52 21_53 21_55 21_56 21_57 21_58 21_62,"Gaussian-like: 50% monotonic, 140 bins"
79,(012),19_55,19,55,183,193,7691.0,664.7,729,0_38 0_39 0_40 0_41 0_42 0_43 0_44 0_45 0_46 0_47 0_48 0_49 0_50 0_51 0_52 10_37 10_38 10_39 10_40 10_41 10_42 10_43 10_44 10_45 10_46 10_47 10_48 10_49 10_50 10_51 10_52 10_53 10_54 10_55 10_56 10_57 10_58 10_59 10_60 10_61 10_62 11_37 11_38 11_39 11_40 11_41 11_42 11_43 11_44 11_45 11_46 11_47 11_48 11_49 11_50 11_51 11_52 11_53 11_54 11_55 11_56 11_57 11_58 11_59 11_60 11_61 11_62 12_36 12_37 12_38 12_39 12_40 12_41 12_42 12_43 12_44 12_45 12_46 12_47 12_48 12_49 12_50 12_51 12_52 12_53 12_54 12_55 12_56 12_57 12_58 12_59 12_60 12_61 12_62 13_37 13_38 13_39 13_40 13_41 13_42 13_43 13_44 13_45 13_46 13_47 13_48 13_49 13_50 13_51 13_52 13_53 13_54 13_55 13_56 13_57 13_58 13_59 13_60 13_61 13_62 14_37 14_38 14_39 14_40 14_41 14_42 14_43 14_44 14_45 14_46 14_47 14_48 14_49 14_50 14_51 14_52 14_53 14_54 14_55 14_56 14_57 14_58 14_59 14_60 14_61 14_62 15_37 15_38 15_39 15_40 15_41 15_42 15_43 15_44 15_45 15_46 15_47 15_48 15_49 15_50 15_51 15_52 15_53 15_54 15_55 15_56 15_57 15_58 15_59 15_60 15_61 15_62 16_37 16_38 16_39 16_40 16_41 16_42 16_43 16_44 16_45 16_46 16_47 16_48 16_49 16_50 16_51 16_52 16_53 16_54 16_55 16_56 16_57 16_58 16_59 16_60 16_61 16_62 17_37 17_38 17_39 17_40 17_41 17_42 17_43 17_44 17_45 17_46 17_47 17_48 17_49 17_50 17_51 17_52 17_53 17_54 17_55 17_56 17_57 17_58 17_59 17_60 17_61 17_62 18_36 18_37 18_38 18_39 18_40 18_41 18_42 18_43 18_44 18_45 18_46 18_47 18_48 18_49 18_50 18_51 18_52 18_53 18_54 18_55 18_56 18_57 18_58 18_59 18_60 18_61 18_62 19_36 19_37 19_38 19_39 19_40 19_41 19_42 19_43 19_44 19_45 19_46 19_47 19_48 19_49 19_50 19_51 19_52 19_53 19_54 19_55 19_56 19_57 19_58 19_59 19_60 19_61 19_62 1_38 1_39 1_40 1_41 1_42 1_43 1_44 1_45 1_46 1_47 1_48 1_49 1_50 1_51 1_52 1_53 1_54 1_55 1_56 1_57 1_58 1_59 1_60 1_61 1_62 1_63 1_64 1_65 20_36 20_37 20_38 20_39 20_40 20_41 20_42 20_43 20_44 20_45 20_46 20_47 20_48 20_49 20_50 20_51 20_52 20_53 20_54 20_55 20_56 20_57 20_58 20_59 20_60 20_61 20_62 21_35 21_36 21_37 21_38 21_39 21_40 21_41 21_42 21_43 21_44 21_45 21_46 21_47 21_48 21_49 21_50 21_51 21_52 21_53 21_58 21_59 21_60 21_61 21_62 21_63 22_35 22_36 22_37 22_38 22_39 22_40 22_41 22_42 22_43 22_44 22_45 22_46 22_47 22_48 22_49 22_50 22_51 22_52 22_53 22_54 22_55 22_56 22_57 22_58 22_59 22_60 22_61 22_62 23_37 23_38 23_39 23_40 23_41 23_42 23_43 23_44 23_45 23_46 23_47 23_48 23_49 23_50 23_51 23_52 23_53 23_58 23_59 23_60 23_61 23_62 24_37 24_38 24_39 24_40 24_41 24_42 24_43 24_44 24_45 24_46 24_47 24_48 24_49 24_50 24_51 24_52 24_53 24_54 24_55 24_56 24_57 24_58 24_59 24_60 24_61 24_62 25_38 25_39 25_40 25_41 25_42 25_43 25_44 25_45 25_46 25_47 25_48 25_49 25_50 25_51 25_52 25_53 25_54 25_55 25_56 25_57 25_58 25_59 25_60 25_61 25_62 26_39 26_40 26_41 26_42 26_43 26_44 26_45 26_46 26_47 26_48 26_49 26_50 26_51 26_52 26_53 26_54 26_55 26_56 26_57 26_58 26_59 26_60 26_61 26_62 27_41 27_42 27_43 27_44 27_45 27_46 27_47 27_48 27_49 27_50 27_51 27_52 27_53 27_54 27_55 27_56 27_57 27_58 27_59 27_60 27_61 27_62 2_35 2_36 2_37 2_38 2_39 2_40 2_41 2_42 2_43 2_44 2_45 2_46 2_47 2_48 2_49 2_50 2_51 2_52 2_53 2_54 2_55 2_56 2_57 2_58 2_59 2_60 2_61 2_62 3_36 3_37 3_38 3_39 3_40 3_41 3_42 3_43 3_44 3_45 3_46 3_47 3_48 3_49 3_50 3_51 3_52 3_53 3_54 3_55 3_56 3_57 3_58 3_59 3_60 3_61 3_62 3_63 3_64 3_65 3_66 3_67 3_68 3_69 3_70 3_71 3_72 4_36 4_37 4_38 4_39 4_40 4_41 4_42 4_43 4_44 4_45 4_46 4_47 4_48 4_49 4_50 4_51 4_52 4_53 4_54 4_55 4_56 4_57 4_58 4_59 4_60 4_61 4_62 5_36 5_37 5_38 5_39 5_40 5_41 5_42 5_43 5_44 5_45 5_46 5_47 5_48 5_49 5_50 5_51 5_52 5_53 5_54 5_55 5_56 5_57 5_58 5_59 5_60 5_61 5_62 5_63 6_37 6_38 6_39 6_40 6_41 6_42 6_43 6_44 6_45 6_46 6_47 6_48 6_49 6_50 6_51 6_52 6_53 6_54 6_55 6_56 6_57 6_58 6_59 6_60 6_61 6_62 7_37 7_38 7_39 7_40 7_41 7_42 7_43 7_44 7_45 7_46 7_47 7_48 7_49 7_50 7_51 7_52 7_53 7_54 7_55 7_56 7_57 7_58 7_59 7_60 7_61 7_62 8_37 8_38 8_39 8_40 8_41 8_42 8_43 8_44 8_45 8_46 8_47 8_48 8_49 8_50 8_51 8_52 8_53 8_54 8_55 8_56 8_57 8_58 8_59 8_60 8_61 8_62 9_37 9_38 9_39 9_40 9_41 9_42 9_43 9_44 9_45 9_46 9_47 9_48 9_49 9_50 9_51 9_52 9_53 9_54 9_55 9_56 9_57 9_58 9_59 9_60 9_61 9_62,"Gaussian-like: 76% monotonic, 729 bins"
80,(001),21_28,21,28,811,714,9.0,4.8,8,20_24 20_25 20_26 20_28 21_26 21_27 21_28 22_25,"Gaussian-like: 42% monotonic, 8 bins"
81,ITO,21_45,21,45,194,396,26.3,6.2,2,21_44 21_45,"Gaussian-like: 100% monotonic, 2 bins"
82,ITO,21_56,21,56,192,402,136.0,17.1,42,15_54 16_54 16_55 17_54 17_55 17_56 18_54 18_55 18_57 19_52 19_54 19_55 19_56 19_57 19_58 20_53 20_54 20_55 20_56 21_47 21_48 21_49 21_50 21_51 21_52 21_53 21_54 21_55 21_56 21_57 21_58 21_59 21_62 22_54 22_55 22_56 22_57 22_58 22_59 22_60 22_61 22_62,"Gaussian-like: 64% monotonic, 42 bins"
83,(012),21_58,21,58,54,900,18.1,9.0,3,21_56 21_57 21_58,"Gaussian-like: 67% monotonic, 3 bins"
84,ITO,22_11,22,11,142,654,32.7,10.0,7,21_10 21_11 22_10 22_11 22_12 22_8 22_9,"Gaussian-like: 89% monotonic, 7 bins"
85,ITO,22_57,22,57,255,141,11.0,6.5,3,22_56 22_57 22_58,"Gaussian-like: 100% monotonic, 3 bins"
86,(002),23_0,23,0,197,727,33.0,8.9,3,22_0 23_0 23_1,"Gaussian-like: 100% monotonic, 3 bins"
87,(012),23_22,23,22,188,188,45.0,9.0,4,23_21 23_22 24_21 25_22,"Gaussian-like: 83% monotonic, 4 bins"
88,(012),23_54,23,54,47,870,14.2,7.8,5,23_51 23_52 23_53 23_54 23_55,"Gaussian-like: 78% monotonic, 5 bins"
89,(111),24_7,24,7,514,303,26.0,7.6,2,24_6 24_7,"Gaussian-like: 100% monotonic, 2 bins"
90,(002),24_15,24,15,311,274,2686.0,121.1,461,16_15 16_16 17_0 17_1 17_10 17_11 17_12 17_13 17_14 17_15 17_16 17_17 17_18 17_19 17_2 17_3 17_4 17_5 17_6 17_7 17_8 17_9 18_0 18_1 18_10 18_11 18_12 18_13 18_14 18_15 18_16 18_17 18_18 18_19 18_2 18_3 18_4 18_5 18_6 18_7 18_8 18_9 19_0 19_1 19_10 19_11 19_12 19_13 19_14 19_15 19_16 19_17 19_18 19_19 19_2 19_3 19_4 19_5 19_6 19_7 19_8 19_9 20_0 20_1 20_10 20_11 20_12 20_13 20_14 20_15 20_16 20_17 20_18 20_19 20_2 20_3 20_4 20_5 20_6 20_7 20_8 20_9 21_0 21_1 21_10 21_11 21_12 21_13 21_14 21_15 21_16 21_17 21_18 21_19 21_2 21_3 21_4 21_5 21_6 21_7 21_8 21_9 22_0 22_1 22_10 22_11 22_12 22_13 22_14 22_15 22_16 22_17 22_18 22_19 22_2 22_3 22_4 22_5 22_6 22_7 22_8 22_9 23_0 23_1 23_10 23_11 23_12 23_13 23_14 23_15 23_16 23_17 23_18 23_19 23_2 23_3 23_4 23_5 23_6 23_7 23_8 23_9 24_0 24_1 24_10 24_11 24_12 24_13 24_14 24_15 24_16 24_17 24_18 24_19 24_2 24_3 24_4 24_5 24_6 24_7 24_8 24_9 25_0 25_1 25_10 25_11 25_12 25_13 25_14 25_15 25_16 25_17 25_18 25_19 25_2 25_3 25_4 25_5 25_6 25_7 25_8 25_9 26_0 26_1 26_10 26_11 26_12 26_13 26_14 26_15 26_16 26_17 26_18 26_19 26_2 26_3 26_4 26_5 26_6 26_7 26_8 26_9 27_0 27_1 27_10 27_11 27_12 27_13 27_14 27_15 27_16 27_17 27_18 27_19 27_2 27_3 27_4 27_5 27_6 27_7 27_8 27_9 28_0 28_1 28_10 28_11 28_12 28_13 28_14 28_15 28_16 28_17 28_18 28_19 28_2 28_3 28_4 28_5 28_6 28_7 28_8 28_9 29_0 29_1 29_10 29_11 29_12 29_13 29_14 29_15 29_16 29_17 29_18 29_19 29_2 29_3 29_4 29_5 29_6 29_7 29_8 29_9 30_0 30_1 30_10 30_11 30_12 30_13 30_14 30_15 30_16 30_17 30_18 30_2 30_3 30_4 30_5 30_6 30_7 30_8 30_9 31_0 31_1 31_10 31_11 31_12 31_13 31_14 31_15 31_16 31_17 31_18 31_2 31_3 31_4 31_5 31_6 31_7 31_8 31_9 32_0 32_1 32_10 32_11 32_12 32_13 32_14 32_15 32_16 32_2 32_3 32_4 32_5 32_6 32_7 32_8 32_9 33_0 33_1 33_10 33_11 33_12 33_13 33_14 33_15 33_16 33_17 33_18 33_2 33_3 33_4 33_5 33_6 33_7 33_8 33_9 34_0 34_1 34_10 34_11 34_12 34_13 34_14 34_15 34_16 34_17 34_18 34_2 34_3 34_4 34_5 34_6 34_7 34_8 34_9 35_0 35_1 35_10 35_11 35_12 35_13 35_15 35_16 35_17 35_2 35_3 35_4 35_5 35_6 35_7 35_8 35_9 36_0 36_1 36_10 36_11 36_12 36_13 36_14 36_15 36_16 36_17 36_2 36_3 36_4 36_5 36_6 36_7 36_8 36_9 37_0 37_1 37_10 37_11 37_12 37_14 37_15 37_16 37_17 37_18 37_2 37_3 37_4 37_5 37_6 37_7 37_8 37_9 38_0 38_1 38_10 38_11 38_12 38_13 38_14 38_15 38_16 38_17 38_2 38_3 38_4 38_5 38_6 38_7 38_8 38_9 39_0 39_1 39_10 39_11 39_12 39_13 39_14 39_15 39_16 39_17 39_2 39_3 39_4 39_5 39_6 39_7 39_8 39_9 40_0 40_1 40_10 40_11 40_12 40_13 40_14 40_15 40_16 40_2 40_3 40_4 40_5 40_6 40_7 40_8 40_9,"Gaussian-like: 75% monotonic, 461 bins"
91,(012),24_27,24,27,90,464,43.0,9.0,6,23_27 23_28 24_26 24_27 24_28 25_29,"Gaussian-like: 100% monotonic, 6 bins"
92,(112),25_7,25,7,91,78,410.0,48.5,168,10_6 10_7 10_8 11_5 11_6 11_7 11_8 12_4 12_5 12_6 12_7 12_8 13_5 13_6 13_7 13_8 14_7 14_8 15_5 15_6 15_7 16_6 16_7 17_6 17_7 18_6 18_7 19_6 19_7 20_5 20_6 20_7 20_8 21_6 21_7 21_8 21_9 22_4 22_5 22_6 22_7 22_8 22_9 23_10 23_3 23_4 23_5 23_6 23_7 23_8 23_9 24_0 24_1 24_10 24_2 24_3 24_4 24_5 24_6 24_7 24_8 24_9 25_0 25_1 25_10 25_2 25_3 25_4 25_5 25_6 25_7 25_8 25_9 26_0 26_1 26_10 26_2 26_3 26_4 26_5 26_6 26_7 26_8 26_9 27_0 27_1 27_10 27_2 27_3 27_4 27_5 27_6 27_7 27_8 27_9 28_0 28_1 28_10 28_2 28_3 28_4 28_5 28_6 28_7 28_8 28_9 29_0 29_1 29_10 29_2 29_3 29_4 29_5 29_6 29_7 29_8 29_9 30_0 30_1 30_2 30_3 30_4 30_5 30_6 30_7 30_8 30_9 31_0 31_1 31_2 31_3 31_4 31_5 31_6 31_7 31_8 31_9 32_0 32_1 32_10 32_11 32_2 32_3 32_4 32_5 32_6 32_7 32_8 32_9 33_0 33_1 33_2 33_3 33_4 33_5 33_6 33_7 33_8 33_9 34_1 34_2 34_3 34_4 34_5 34_6 34_7 35_5 35_6,"Gaussian-like: 74% monotonic, 168 bins"
93,(012),25_27,25,27,225,116,82.0,10.9,39,22_26 22_27 23_26 23_27 24_25 24_26 24_27 25_23 25_24 25_25 25_26 25_27 25_28 26_22 26_24 26_25 26_26 26_27 27_25 27_26 27_27 27_28 28_26 28_27 28_28 29_25 29_26 29_27 29_28 30_26 30_27 30_28 31_26 31_27 31_28 32_24 32_25 33_26 33_27,"Gaussian-like: 75% monotonic, 39 bins"
94,(012),25_58,25,58,49,899,11.3,6.5,2,24_57 25_58,"Gaussian-like: 100% monotonic, 2 bins"
95,(012),26_5,26,5,63,623,245.0,21.4,198,10_0 10_1 10_2 10_3 10_4 10_5 10_6 10_7 10_8 11_0 11_1 11_2 11_3 11_4 11_5 11_6 11_7 11_8 12_0 12_1 12_2 12_3 12_4 12_5 12_6 12_7 12_8 13_0 13_1 13_2 13_3 13_4 13_5 13_6 13_7 14_0 14_1 14_2 14_3 14_4 14_5 14_6 14_7 14_8 15_0 15_1 15_2 15_3 15_4 15_5 15_6 15_7 15_8 16_0 16_1 16_2 16_3 16_4 16_5 16_6 16_7 17_0 17_1 17_2 17_3 17_4 17_5 17_6 17_7 17_8 18_0 18_1 18_2 18_3 18_4 18_5 18_6 18_7 19_0 19_1 19_2 19_3 19_4 19_5 19_6 19_7 19_8 20_0 20_1 20_2 20_3 20_4 20_5 20_6 20_7 21_0 21_1 21_2 21_3 21_4 21_5 21_6 21_7 21_8 22_0 22_1 22_2 22_3 22_4 22_5 22_6 22_7 23_0 23_1 23_2 23_3 23_4 23_5 23_6 23_7 23_8 24_0 24_1 24_2 24_3 24_4 24_5 24_6 24_7 25_0 25_1 25_2 25_3 25_4 25_5 25_6 25_7 25_8 26_0 26_1 26_2 26_3 26_4 26_5 26_6 26_7 27_0 27_1 27_2 27_3 27_4 27_5 27_6 27_7 28_0 28_1 28_2 28_3 28_4 28_5 28_6 28_7 29_0 29_1 29_2 29_3 29_4 29_5 29_6 29_7 6_6 6_7 7_1 7_2 7_3 7_4 7_5 7_6 7_7 7_8 8_0 8_1 8_2 8_3 8_4 8_5 8_6 8_7 8_8 9_0 9_1 9_2 9_3 9_4 9_5 9_6 9_7 9_8,"Gaussian-like: 57% monotonic, 198 bins"
96,(002),27_4,27,4,452,36,21.0,6.5,5,26_3 27_3 27_4 27_5 28_4,"Gaussian-like: 86% monotonic, 5 bins"
97,(002),27_15,27,15,444,44,88.0,12.0,61,10_15 10_16 11_15 11_16 12_15 12_16 13_14 13_15 13_16 14_14 14_15 14_16 15_14 15_15 15_16 16_14 16_15 17_14 17_15 17_16 18_14 18_15 18_16 19_14 19_15 19_16 20_14 20_15 20_16 21_12 21_13 21_14 21_15 21_16 22_11 22_13 22_14 22_15 22_16 23_13 23_14 23_15 23_16 24_14 24_15 24_16 25_14 25_15 25_16 26_14 26_15 26_16 27_14 27_15 27_16 28_15 28_16 7_15 7_16 8_15 9_15,"Gaussian-like: 62% monotonic, 61 bins"
98,(001),27_27,27,27,817,749,30.0,10.3,40,17_27 18_23 18_25 18_26 18_27 19_24 19_26 19_27 20_26 20_27 21_26 21_27 21_28 22_25 22_26 22_27 23_24 23_25 23_26 23_27 24_26 24_27 25_24 25_26 25_27 26_25 26_26 26_27 27_24 27_26 27_27 28_25 28_26 28_27 29_25 29_26 29_27 30_26 30_27 31_26,"Gaussian-like: 60% monotonic, 40 bins"
99,(002),27_48,27,48,377,186,14.0,6.8,2,27_47 27_48,"Gaussian-like: 100% monotonic, 2 bins"
100,(002),27_51,27,51,259,426,11.0,5.6,3,26_51 27_51 28_52,"Gaussian-like: 67% monotonic, 3 bins"
101,(002),27_55,27,55,377,189,62.0,15.9,17,25_56 26_54 26_55 26_56 26_57 27_50 27_51 27_52 27_53 27_54 27_55 27_56 27_57 27_58 27_59 27_60 27_61,"Gaussian-like: 73% monotonic, 17 bins"
102,(002),29_35,29,35,203,832,30.1,9.2,2,28_36 29_35,"Gaussian-like: 100% monotonic, 2 bins"
103,(002),29_55,29,55,259,414,378.0,63.9,65,23_54 23_55 23_56 23_57 24_54 24_55 24_56 24_57 25_53 25_54 25_55 25_56 25_57 25_58 25_59 26_52 26_53 26_54 26_55 26_56 26_57 26_58 27_52 27_53 27_54 27_55 27_56 27_57 27_58 27_59 28_53 28_54 28_55 28_56 28_57 28_58 28_59 29_51 29_52 29_53 29_54 29_55 29_56 29_57 29_58 29_59 29_60 30_51 30_52 30_53 30_54 30_55 30_56 30_57 30_58 30_59 31_51 31_52 31_53 31_54 31_55 31_56 31_57 31_58 31_59,"Gaussian-like: 88% monotonic, 65 bins"
104,(002),30_1,30,1,263,412,499.0,61.1,56,28_0 28_1 28_2 29_0 29_1 29_2 29_3 30_0 30_1 30_2 30_3 31_0 31_1 31_2 31_3 32_0 32_1 32_2 32_3 32_4 32_5 33_0 33_1 33_2 33_3 34_0 34_1 34_2 34_3 35_0 35_1 35_2 35_3 36_0 36_1 36_2 36_3 37_0 37_1 37_2 37_3 38_0 38_1 38_2 38_3 39_0 39_1 39_2 39_3 40_0 40_1 40_2 40_4 40_5 40_6 40_7,"Gaussian-like: 61% monotonic, 56 bins"
105,(001),30_11,30,11,874,505,20.0,9.0,8,27_10 28_10 28_11 29_10 29_11 29_12 30_11 31_12,"Gaussian-like: 72% monotonic, 8 bins"
106,(111),30_19,30,19,586,126,79.0,10.6,27,28_18 29_16 29_17 29_18 29_19 29_20 30_11 30_12 30_13 30_14 30_15 30_16 30_17 30_18 30_19 30_20 31_12 31_13 31_15 31_16 31_17 31_18 31_19 31_20 32_13 32_14 32_15,"Gaussian-like: 80% monotonic, 27 bins"
107,(001),30_25,30,25,820,714,10.0,6.1,2,29_24 30_25,"Gaussian-like: 100% monotonic, 2 bins"
108,(002),30_35,30,35,195,887,17.0,5.4,2,30_35 30_36,"Gaussian-like: 100% monotonic, 2 bins"
109,(112),30_42,30,42,82,100,24.0,9.2,17,29_42 29_43 30_40 30_41 30_42 30_43 31_40 31_41 31_42 31_43 32_40 33_39 33_40 33_41 33_42 33_43 34_43,"Gaussian-like: 75% monotonic, 17 bins"
110,(012),30_47,30,47,61,904,861.0,155.7,361,21_48 21_53 22_47 22_48 22_51 22_52 22_53 22_55 22_56 22_57 22_58 22_59 22_60 23_44 23_45 23_46 23_47 23_48 23_49 23_50 23_51 23_52 23_53 23_54 23_55 23_56 23_57 23_58 23_59 23_60 23_61 23_62 24_43 24_44 24_45 24_46 24_47 24_48 24_49 24_50 24_51 24_52 24_53 24_54 24_55 24_56 24_57 24_58 24_59 24_60 24_61 24_62 25_43 25_44 25_45 25_46 25_47 25_48 25_49 25_50 25_51 25_52 25_53 25_54 25_55 25_56 25_57 25_58 25_59 25_60 25_61 25_62 26_43 26_44 26_45 26_46 26_47 26_48 26_49 26_50 26_51 26_52 26_53 26_54 26_55 26_56 26_57 26_58 26_59 26_60 26_61 26_62 27_42 27_43 27_44 27_45 27_46 27_47 27_48 27_49 27_50 27_51 27_52 27_53 27_54 27_55 27_56 27_57 27_58 27_59 27_60 27_61 27_62 28_41 28_42 28_43 28_44 28_45 28_46 28_47 28_48 28_49 28_50 28_51 28_52 28_53 28_54 28_55 28_56 28_57 28_58 28_59 28_60 28_61 28_62 29_42 29_43 29_44 29_45 29_46 29_47 29_48 29_49 29_50 29_51 29_52 29_53 29_54 29_55 29_56 29_57 29_58 29_59 29_60 29_61 29_62 29_63 30_42 30_43 30_44 30_45 30_46 30_47 30_48 30_49 30_50 30_51 30_52 30_53 30_54 30_55 30_56 30_57 30_58 30_59 30_60 30_61 30_62 31_42 31_43 31_44 31_45 31_46 31_47 31_48 31_49 31_50 31_51 31_52 31_53 31_54 31_55 31_56 31_57 31_58 31_59 31_60 31_61 31_62 32_41 32_42 32_43 32_44 32_45 32_46 33_42 33_43 33_44 33_45 33_46 33_47 33_48 33_49 33_50 33_51 33_52 33_53 33_54 33_55 33_56 33_57 33_58 33_59 33_60 33_61 33_62 34_42 34_43 34_44 34_45 34_46 34_47 34_48 34_49 34_50 34_51 34_52 34_53 34_54 34_55 34_56 34_57 34_58 34_59 34_60 34_61 34_62 35_43 35_44 35_45 35_46 35_47 35_48 35_49 35_50 35_51 35_52 35_53 35_54 35_55 35_56 35_57 35_58 35_59 35_60 35_61 35_62 36_44 36_45 36_46 36_47 36_48 36_49 36_50 36_51 36_52 36_53 36_54 36_55 36_56 36_57 36_58 36_59 36_60 36_61 36_62 37_44 37_45 37_46 37_47 37_48 37_49 37_50 37_51 37_52 37_53 37_54 37_55 37_56 37_57 37_58 37_59 37_60 37_61 37_62 38_44 38_45 38_46 38_47 38_48 38_49 38_50 38_51 38_52 38_53 38_54 38_55 38_56 38_57 38_58 38_59 38_60 38_61 38_62 39_44 39_45 39_46 39_47 39_48 39_49 39_50 39_51 39_52 39_53 39_54 39_55 39_56 39_57 39_58 39_59 39_60 39_61 39_62 40_38 40_39 40_40 40_41 40_42 40_43 40_44 40_45 40_46 40_47 40_48 40_49 40_50 40_51 40_52 40_53 40_54 40_55,"Gaussian-like: 62% monotonic, 361 bins"
111,(012),31_13,31,13,82,596,84.0,13.2,22,30_13 31_0 31_1 31_10 31_11 31_12 31_13 31_2 31_3 31_4 31_5 31_6 31_7 31_8 31_9 32_10 32_11 32_12 32_13 32_14 32_15 32_16,"Gaussian-like: 51% monotonic, 22 bins"
112,(002),31_19,31,19,203,837,61.2,12.0,5,31_16 31_17 31_18 31_19 31_20,"Gaussian-like: 56% monotonic, 5 bins"
113,(012),31_28,31,28,61,904,371.0,123.3,19,31_18 31_19 31_20 31_21 31_22 31_23 31_24 31_25 31_26 31_27 31_28 31_29 31_30 31_31 31_32 31_33 31_34 31_35 31_36,"Gaussian-like: 77% monotonic, 19 bins"
114,(002),31_29,31,29,258,414,270.0,48.9,7,31_26 31_27 31_28 31_29 31_30 31_31 31_32,"Gaussian-like: 100% monotonic, 7 bins"
115,(012),31_34,31,34,133,426,28.0,7.2,2,31_33 31_34,"Gaussian-like: 100% monotonic, 2 bins"
116,(012),32_32,32,32,130,439,15.0,7.9,3,32_30 32_31 32_32,"Gaussian-like: 100% monotonic, 3 bins"
117,ITO,33_13,33,13,99,603,36.0,8.2,4,32_11 33_12 33_13 34_13,"Gaussian-like: 100% monotonic, 4 bins"
118,(002),33_14,33,14,450,42,72.1,10.1,82,24_12 24_13 25_11 25_12 25_13 26_10 26_11 26_12 26_13 27_11 27_12 27_13 27_7 28_10 28_11 28_12 28_13 28_14 28_8 28_9 29_12 29_13 29_14 29_15 29_9 30_10 30_12 30_13 30_14 30_15 30_16 30_9 31_11 31_12 31_13 31_14 31_15 32_11 32_12 32_13 32_14 32_15 32_16 33_11 33_12 33_13 33_14 33_15 33_16 34_10 34_11 34_12 34_13 34_14 34_15 34_6 34_7 34_9 35_11 35_12 35_13 35_14 35_15 35_6 35_8 36_10 36_11 36_12 36_13 36_14 36_15 37_13 37_14 37_15 38_13 38_14 38_15 39_13 39_14 39_15 40_13 40_14,"Gaussian-like: 60% monotonic, 82 bins"
119,(001),33_27,33,27,813,750,13.0,6.5,3,33_26 33_27 34_26,"Gaussian-like: 67% monotonic, 3 bins"
120,(012),34_9,34,9,63,601,100.0,12.6,77,28_10 29_10 29_11 30_10 30_11 30_12 30_13 30_8 30_9 31_10 31_11 31_12 31_13 31_8 31_9 32_10 32_11 32_12 32_13 32_14 32_15 32_2 33_0 33_1 33_10 33_11 33_12 33_13 33_2 33_3 33_4 33_5 33_6 33_7 33_8 33_9 34_0 34_1 34_10 34_11 34_12 34_13 34_14 34_2 34_3 34_4 34_5 34_6 34_7 34_8 34_9 35_0 35_1 35_10 35_11 35_12 35_13 35_14 35_2 35_3 35_4 35_5 35_6 35_7 35_8 35_9 36_10 36_11 36_12 36_13 36_5 36_6 36_7 36_8 36_9 37_8 37_9,"Gaussian-like: 67% monotonic, 77 bins"
121,(011),34_38,34,38,769,225,74.0,12.3,94,29_37 29_38 30_33 30_35 30_36 30_37 30_38 30_39 30_40 31_33 31_36 31_37 31_38 31_39 31_40 32_28 32_31 32_32 32_33 32_34 32_35 32_36 32_37 33_29 33_31 33_33 33_34 33_35 33_36 33_37 33_38 33_39 33_40 34_29 34_31 34_33 34_34 34_35 34_36 34_37 34_38 34_39 34_40 35_29 35_31 35_32 35_33 35_34 35_35 35_36 35_37 35_38 35_39 35_40 36_30 36_32 36_33 36_34 36_35 36_36 36_37 36_38 36_39 36_40 37_33 37_34 37_35 37_36 37_37 37_38 37_39 37_40 38_31 38_32 38_33 38_34 38_35 38_36 38_37 38_38 38_39 38_40 39_31 39_33 39_34 39_35 39_36 39_37 39_38 39_39 39_40 40_36 40_37 40_39,"Gaussian-like: 71% monotonic, 94 bins"
122,(002),35_35,35,35,195,886,17.5,5.7,3,34_35 35_35 36_35,"Gaussian-like: 100% monotonic, 3 bins"
123,(001),36_17,36,17,822,710,7.0,4.4,2,36_17 36_18,"Gaussian-like: 100% monotonic, 2 bins"
124,ITO,36_23,36,23,248,233,30.9,8.3,2,36_22 36_23,"Gaussian-like: 100% monotonic, 2 bins"
125,(111),36_27,36,27,501,319,30.0,6.3,3,35_27 36_26 36_27,"Gaussian-like: 100% monotonic, 3 bins"
126,ITO,36_31,36,31,308,44,38.9,9.4,3,36_29 36_30 36_31,"Gaussian-like: 100% monotonic, 3 bins"
127,ITO,36_31,36,31,300,59,45.9,11.7,2,36_30 36_31,"Gaussian-like: 100% monotonic, 2 bins"
128,(012),36_46,36,46,124,393,42.0,9.9,8,33_47 34_46 35_46 35_47 36_44 36_45 36_46 36_47,"Gaussian-like: 83% monotonic, 8 bins"
129,(111),37_8,37,8,361,853,34.0,9.8,2,37_7 37_8,"Gaussian-like: 100% monotonic, 2 bins"
130,(001),37_11,37,11,874,506,15.0,6.7,4,36_10 36_11 36_12 37_11,"Gaussian-like: 80% monotonic, 4 bins"
131,(002),37_22,37,22,278,327,47.0,9.7,5,36_21 37_19 37_20 37_21 37_22,"Gaussian-like: 100% monotonic, 5 bins"
132,(012),37_39,37,39,193,250,13.0,6.1,2,37_39 38_40,"Gaussian-like: 100% monotonic, 2 bins"
133,ITO,37_43,37,43,180,313,34.0,8.1,2,36_43 37_43,"Gaussian-like: 100% monotonic, 2 bins"
134,(012),37_47,37,47,193,255,57.0,9.7,12,34_47 35_47 36_47 37_44 37_45 37_46 37_47 37_48 38_44 38_45 38_46 38_47,"Gaussian-like: 74% monotonic, 12 bins"
135,(111),38_18,38,18,436,354,28.0,8.2,4,38_18 38_19 38_20 39_19,"Gaussian-like: 100% monotonic, 4 bins"
136,ITO,38_24,38,24,235,233,22.0,6.2,3,37_23 38_23 38_24,"Gaussian-like: 67% monotonic, 3 bins"
137,(012),38_46,38,46,114,391,36.0,11.9,4,38_44 38_45 38_46 38_47,"Gaussian-like: 80% monotonic, 4 bins"
138,ITO,38_52,38,52,124,467,13.0,6.7,2,37_52 38_52,"Gaussian-like: 100% monotonic, 2 bins"
139,(012),39_9,39,9,52,806,18.0,8.2,2,39_8 39_9,"Gaussian-like: 100% monotonic, 2 bins"
140,(002),39_13,39,13,315,264,46.1,11.1,12,35_14 36_15 37_13 37_14 38_14 38_15 39_13 39_15 40_11 40_12 40_13 40_14,"Gaussian-like: 49% monotonic, 12 bins"
141,(012),39_19,39,19,130,436,13.0,6.2,2,39_18 39_19,"Gaussian-like: 100% monotonic, 2 bins"
142,(002),39_20,39,20,306,360,19.0,6.5,4,38_20 39_20 39_21 40_20,"Gaussian-like: 67% monotonic, 4 bins"
143,(002),39_21,39,21,287,315,17.2,6.0,2,39_21 40_20,"Gaussian-like: 100% monotonic, 2 bins"
144,(001),39_24,39,24,814,713,41.0,10.1,61,33_24 34_23 34_24 35_22 35_24 35_25 35_26 36_24 36_25 36_26 36_27 37_22 37_23 37_24 37_25 37_26 37_27 37_28 38_17 38_20 38_21 38_22 38_23 38_24 38_25 38_26 38_27 39_16 39_17 39_19 39_20 39_21 39_22 39_23 39_24 39_25 39_26 39_27 39_28 40_15 40_16 40_17 40_18 40_19 40_20 40_22 40_23 40_24 40_25 40_26 40_27 41_20 41_21 41_22 41_23 41_24 41_25 41_26 41_27 41_28 41_29,"Gaussian-like: 63% monotonic, 61 bins"
145,(002),39_33,39,33,323,240,31.0,7.2,8,38_33 38_34 39_33 39_34 39_35 40_32 40_33 40_34,"Gaussian-like: 64% monotonic, 8 bins"
146,(002),39_44,39,44,201,833,343.0,19.8,361,20_29 20_32 20_36 20_37 20_38 20_39 20_40 20_41 20_42 20_43 20_44 20_45 20_46 21_28 21_30 21_31 21_32 21_33 21_34 21_35 21_36 21_37 21_38 21_39 21_40 21_41 21_42 21_43 21_44 21_45 21_46 21_47 22_36 22_38 22_39 22_40 22_41 22_42 22_43 22_44 22_45 22_46 23_35 23_37 23_38 23_39 23_40 23_41 23_42 23_43 23_44 23_45 23_46 23_47 24_36 24_37 24_38 24_40 24_41 24_42 24_43 24_44 24_45 24_46 25_34 25_35 25_36 25_37 25_38 25_39 25_40 25_41 25_42 25_43 25_44 25_45 25_46 26_36 26_37 26_39 26_40 26_41 26_42 26_43 26_44 26_45 26_46 27_38 27_39 27_40 27_41 27_42 27_43 27_44 27_45 27_46 28_39 28_40 28_41 28_42 28_43 28_44 28_45 28_46 29_38 29_39 29_40 29_41 29_42 29_43 29_44 29_45 29_46 29_47 30_38 30_39 30_42 30_43 30_44 30_45 30_46 30_47 31_37 31_38 31_39 31_40 31_41 31_42 31_43 31_44 31_45 31_46 32_26 32_30 32_36 32_37 32_38 32_40 32_41 32_42 32_43 32_44 33_27 33_31 33_33 33_34 33_35 33_36 33_37 33_38 33_39 33_40 33_41 33_42 33_43 33_44 33_45 33_46 33_47 34_27 34_29 34_31 34_32 34_33 34_34 34_35 34_37 34_38 34_39 34_40 34_41 34_42 34_43 34_44 34_45 34_46 34_47 35_26 35_27 35_29 35_30 35_31 35_32 35_33 35_34 35_35 35_36 35_37 35_38 35_39 35_40 35_41 35_42 35_43 35_44 35_45 35_46 35_47 35_48 36_27 36_28 36_29 36_30 36_31 36_32 36_33 36_34 36_35 36_36 36_37 36_38 36_39 36_40 36_41 36_42 36_43 36_44 36_45 36_46 36_47 37_25 37_26 37_27 37_28 37_29 37_30 37_31 37_32 37_33 37_34 37_35 37_36 37_37 37_38 37_39 37_40 37_41 37_42 37_43 37_44 37_45 37_46 37_47 38_25 38_26 38_27 38_28 38_29 38_30 38_31 38_32 38_33 38_34 38_35 38_36 38_37 38_38 38_39 38_40 38_41 38_42 38_43 38_44 38_45 38_46 38_47 38_48 39_25 39_26 39_27 39_28 39_29 39_30 39_31 39_32 39_33 39_34 39_35 39_36 39_37 39_38 39_39 39_40 39_41 39_42 39_43 39_44 39_47 39_48 40_18 40_19 40_20 40_21 40_22 40_23 40_24 40_25 40_26 40_27 40_28 40_29 40_30 40_31 40_32 40_33 40_34 40_35 40_36 40_40 40_41 40_42 40_43 40_46 40_47 41_17 41_18 41_19 41_20 41_21 41_22 41_23 41_24 41_25 41_26 41_27 41_28 41_30 41_31 41_32 41_33 41_34 42_19 42_20 42_21 42_22 42_23 42_24 42_25 42_26 42_27 42_28 42_29 42_30 42_31 42_32 42_33 42_34 43_15 43_16 43_17 43_18 43_19 43_20 43_21 43_22 43_23 43_24 44_15 44_16 44_17 44_18,"Gaussian-like: 61% monotonic, 361 bins"
147,(002),39_45,39,45,207,841,39.1,6.7,3,39_45 40_44 40_45,"Gaussian-like: 67% monotonic, 3 bins"
148,(002),39_55,39,55,255,414,965.0,116.3,94,33_50 33_51 33_52 33_53 33_54 33_55 33_56 33_57 33_58 33_59 33_60 34_51 34_52 34_53 34_54 34_55 34_56 34_57 34_58 34_59 35_50 35_51 35_52 35_53 35_54 35_55 35_56 35_57 35_58 35_59 35_60 36_51 36_52 36_53 36_54 36_55 36_56 36_57 36_58 36_59 36_60 37_50 37_51 37_52 37_53 37_54 37_55 37_56 37_57 37_58 37_59 37_60 37_61 38_48 38_49 38_50 38_51 38_52 38_53 38_54 38_55 38_56 38_57 38_58 38_59 38_60 39_49 39_50 39_51 39_52 39_53 39_54 39_55 39_56 39_57 39_58 39_59 39_60 39_61 40_39 40_40 40_41 40_42 40_43 40_44 40_45 40_46 40_47 40_48 40_49 40_50 40_51 40_52 40_53,"Gaussian-like: 70% monotonic, 94 bins"
149,(012),39_56,39,56,91,432,43.4,13.5,13,37_55 37_56 37_57 38_54 38_55 38_56 38_57 38_58 39_53 39_54 39_55 39_56 39_57,"Gaussian-like: 84% monotonic, 13 bins"
150,(011),39_57,39,57,565,852,18.1,7.5,7,37_57 38_56 38_58 39_54 39_55 39_56 39_57,"Gaussian-like: 47% monotonic, 7 bins"
151,(002),40_6,40,6,315,266,27.1,9.7,2,40_6 40_7,"Gaussian-like: 100% monotonic, 2 bins"
152,(002),40_8,40,8,284,313,9.0,5.3,3,40_7 40_8 40_9,"Gaussian-like: 50% monotonic, 3 bins"
153,(002),40_27,40,27,322,239,20.0,10.8,2,40_26 40_27,"Gaussian-like: 100% monotonic, 2 bins"
154,(011),40_27,40,27,767,224,12.0,6.5,2,40_27 40_28,"Gaussian-like: 100% monotonic, 2 bins"
155,(002),40_38,40,38,205,844,22.0,8.1,2,40_38 40_39,"Gaussian-like: 100% monotonic, 2 bins"
156,(002),41_2,41,2,197,829,48.1,5.4,2,41_2 41_3,"Gaussian-like: 100% monotonic, 2 bins"
157,(002),41_32,41,32,304,280,35.2,9.0,5,41_31 41_32 41_33 41_34 41_35,"Gaussian-like: 78% monotonic, 5 bins"
158,(002),41_34,41,34,314,265,37.0,10.9,3,41_33 41_34 41_35,"Gaussian-like: 100% monotonic, 3 bins"
159,(012),41_35,41,35,153,346,23.0,8.0,2,41_35 41_36,"Gaussian-like: 100% monotonic, 2 bins"
160,(001),41_36,41,36,810,713,32.0,11.3,9,41_34 41_35 41_36 41_37 41_38 41_39 41_40 41_41 41_42,"Gaussian-like: 88% monotonic, 9 bins"
161,(002),41_47,41,47,305,280,31.3,8.4,4,41_46 41_47 41_48 41_49,"Gaussian-like: 100% monotonic, 4 bins"
162,(002),42_2,42,2,196,833,118.1,17.7,43,41_0 41_1 41_10 41_11 41_12 41_13 41_14 41_15 41_4 41_5 41_6 41_7 41_8 41_9 42_1 42_10 42_11 42_12 42_13 42_14 42_2 42_3 42_4 42_5 42_6 42_7 42_8 42_9 43_1 43_10 43_11 43_12 43_13 43_14 43_2 43_4 43_5 43_6 43_7 43_8 43_9 44_2 44_3,"Gaussian-like: 62% monotonic, 43 bins"
163,(012),42_12,42,12,173,304,30.0,9.0,4,41_11 42_11 42_12 42_13,"Gaussian-like: 100% monotonic, 4 bins"
164,(002),42_17,42,17,198,825,39.0,6.8,2,42_16 42_17,"Gaussian-like: 100% monotonic, 2 bins"
165,(012),42_26,42,26,173,304,45.0,10.1,4,42_25 42_26 42_27 42_28,"Gaussian-like: 100% monotonic, 4 bins"
166,(012),42_30,42,30,174,298,19.0,8.6,2,42_30 42_31,"Gaussian-like: 100% monotonic, 2 bins"
167,(002),42_47,42,47,313,263,39.1,9.6,21,41_47 41_48 41_49 41_50 41_51 41_52 42_47 42_48 42_49 42_50 42_51 42_52 42_53 42_54 43_48 43_49 43_50 44_48 44_49 44_50 44_51,"Gaussian-like: 74% monotonic, 21 bins"
168,(012),42_56,42,56,143,385,18.0,8.0,3,41_56 42_56 42_57,"Gaussian-like: 100% monotonic, 3 bins"
169,(002),42_56,42,56,313,259,17.0,7.9,4,42_56 42_57 42_58 43_56,"Gaussian-like: 60% monotonic, 4 bins"
170,(012),43_0,43,0,53,904,74.0,14.4,95,41_0 41_1 41_10 41_11 41_12 41_13 41_14 41_15 41_2 41_3 41_4 41_5 41_6 41_7 41_8 41_9 42_0 42_1 42_10 42_11 42_12 42_13 42_14 42_15 42_16 42_2 42_3 42_4 42_5 42_6 42_7 42_8 42_9 43_0 43_1 43_10 43_11 43_12 43_13 43_14 43_15 43_16 43_17 43_2 43_3 43_4 43_5 43_6 43_7 43_8 43_9 44_0 44_1 44_10 44_11 44_12 44_13 44_14 44_15 44_17 44_18 44_2 44_3 44_4 44_5 44_6 44_7 44_8 44_9 45_0 45_1 45_11 45_13 45_14 45_2 45_3 45_4 45_7 45_9 46_0 46_1 46_10 46_11 46_12 46_13 46_15 46_16 46_2 46_3 46_4 46_5 46_6 46_7 46_8 46_9,"Gaussian-like: 68% monotonic, 95 bins"
171,(002),43_34,43,34,313,265,40.0,11.2,2,43_33 43_34,"Gaussian-like: 100% monotonic, 2 bins"
172,(012),43_39,43,39,48,808,64.0,14.1,33,41_38 41_39 41_40 42_38 42_39 42_40 42_41 43_38 43_39 43_40 43_41 43_42 43_43 43_44 43_45 44_39 44_40 44_41 44_42 44_43 44_44 44_45 44_46 44_47 44_48 45_39 45_40 45_41 45_43 45_44 45_45 45_47 45_48,"Gaussian-like: 70% monotonic, 33 bins"
173,ITO,44_16,44,16,185,277,23.0,6.6,3,43_16 44_15 44_16,"Gaussian-like: 100% monotonic, 3 bins"
174,(012),44_53,44,53,49,808,122.6,19.0,36,41_53 41_54 41_55 42_52 42_53 42_54 42_55 42_56 42_57 42_58 42_60 42_61 43_52 43_53 43_54 43_55 43_56 43_57 43_58 43_59 43_60 44_52 44_53 44_54 44_55 44_56 44_57 44_58 44_59 44_60 44_61 44_62 45_53 45_54 45_55 45_57,"Gaussian-like: 68% monotonic, 36 bins"
175,ITO,44_59,44,59,119,469,12.0,7.0,3,44_59 45_57 45_58,"Gaussian-like: 100% monotonic, 3 bins"
176,ITO,44_61,44,61,119,467,11.0,6.6,2,44_61 44_62,"Gaussian-like: 100% monotonic, 2 bins"
177,(002),45_6,45,6,249,414,3602.4,268.8,120,41_0 41_1 41_10 41_11 41_2 41_3 41_4 41_5 41_6 41_7 41_8 41_9 42_0 42_1 42_10 42_11 42_12 42_13 42_14 42_15 42_2 42_3 42_4 42_5 42_6 42_7 42_8 42_9 43_0 43_1 43_10 43_11 43_12 43_13 43_2 43_3 43_4 43_5 43_6 43_7 43_8 43_9 44_0 44_1 44_10 44_11 44_12 44_13 44_14 44_2 44_3 44_4 44_5 44_6 44_7 44_8 44_9 45_0 45_1 45_10 45_11 45_12 45_13 45_14 45_2 45_3 45_4 45_5 45_6 45_7 45_8 45_9 46_0 46_1 46_10 46_11 46_12 46_13 46_14 46_2 46_3 46_4 46_5 46_6 46_7 46_8 46_9 47_0 47_1 47_10 47_11 47_12 47_13 47_2 47_3 47_4 47_5 47_6 47_7 47_8 47_9 48_1 48_10 48_11 48_2 48_3 48_4 48_5 48_6 48_7 48_8 48_9 49_4 49_5 49_6 49_7 49_8 50_6 50_7 51_7,"Gaussian-like: 91% monotonic, 120 bins"
178,(012),45_34,45,34,118,475,71.0,14.4,6,43_34 44_34 45_34 45_35 45_36 45_37,"Gaussian-like: 100% monotonic, 6 bins"
179,(012),45_48,45,48,119,473,48.0,10.3,15,42_48 43_48 44_48 44_49 44_53 45_47 45_48 45_49 45_50 45_51 45_52 45_53 45_54 45_55 45_56,"Gaussian-like: 85% monotonic, 15 bins"
180,(111),46_13,46,13,384,617,42.0,13.3,2,46_13 46_14,"Gaussian-like: 100% monotonic, 2 bins"
181,(002),46_15,46,15,249,427,20.2,6.8,2,46_15 46_16,"Gaussian-like: 100% monotonic, 2 bins"
182,(002),46_48,46,48,312,265,25.5,8.2,5,46_48 46_49 47_48 48_48 48_49,"Gaussian-like: 67% monotonic, 5 bins"
183,(001),48_13,48,13,1018,336,20.0,9.8,13,48_13 48_14 48_15 49_13 49_14 49_16 50_13 50_14 50_15 50_16 51_13 51_14 51_15,"Gaussian-like: 77% monotonic, 13 bins"
184,(111),48_14,48,14,383,617,33.0,9.3,2,48_13 48_14,"Gaussian-like: 100% monotonic, 2 bins"
185,(001),48_34,48,34,874,508,14.0,7.2,3,48_33 48_34 48_35,"Gaussian-like: 100% monotonic, 3 bins"
186,(002),48_47,48,47,452,41,10398.1,453.2,335,41_34 41_35 41_48 41_49 41_50 41_53 41_54 41_56 41_58 42_34 42_47 42_48 42_49 42_50 42_51 42_52 42_53 42_54 42_55 42_56 42_57 42_58 42_59 42_60 42_61 42_62 43_33 43_34 43_35 43_36 43_37 43_38 43_39 43_40 43_41 43_42 43_43 43_45 43_46 43_47 43_48 43_49 43_50 43_51 43_52 43_53 43_54 43_55 43_56 43_57 43_59 43_60 43_61 44_33 44_34 44_35 44_36 44_37 44_38 44_39 44_40 44_41 44_42 44_43 44_44 44_45 44_46 44_47 44_48 44_49 44_50 44_51 44_52 44_53 44_54 44_55 44_56 44_57 44_58 44_59 44_60 44_61 44_62 45_31 45_32 45_33 45_34 45_35 45_36 45_37 45_38 45_39 45_40 45_41 45_42 45_43 45_44 45_45 45_46 45_47 45_48 45_49 45_50 45_51 45_52 45_53 45_54 45_55 45_56 45_57 45_58 45_59 45_60 45_61 45_62 46_31 46_32 46_33 46_34 46_35 46_36 46_37 46_38 46_39 46_40 46_41 46_42 46_43 46_44 46_45 46_46 46_47 46_48 46_49 46_50 46_51 46_52 46_53 46_54 46_55 46_56 46_57 46_58 46_59 46_60 46_61 46_62 47_28 47_29 47_30 47_31 47_32 47_33 47_34 47_35 47_36 47_37 47_38 47_39 47_40 47_41 47_42 47_43 47_44 47_45 47_46 47_47 47_48 47_49 47_50 47_51 47_52 47_53 47_54 47_55 47_56 47_57 47_58 47_59 47_60 47_61 47_62 48_24 48_25 48_26 48_27 48_28 48_29 48_30 48_31 48_32 48_33 48_34 48_35 48_36 48_37 48_38 48_39 48_40 48_41 48_42 48_43 48_44 48_45 48_46 48_47 48_48 48_49 48_50 48_51 48_52 48_53 48_54 48_55 48_56 48_57 48_58 48_59 48_60 48_61 48_62 49_24 49_25 49_26 49_27 49_28 49_29 49_30 49_31 49_32 49_33 49_34 49_35 49_36 49_37 49_38 49_39 49_40 49_41 49_42 49_43 49_44 49_45 49_46 49_47 49_48 49_49 49_50 49_51 49_52 49_53 49_54 49_55 49_56 49_57 49_58 49_59 49_60 49_61 49_62 50_23 50_24 50_25 50_26 50_27 50_28 50_29 50_30 50_31 50_32 50_33 50_34 50_35 50_36 50_37 50_38 50_39 50_40 50_41 50_42 50_43 50_44 50_45 50_46 50_47 50_48 50_49 50_50 50_51 50_52 50_53 50_54 50_55 50_56 50_57 50_58 50_59 50_60 50_61 50_62 51_21 51_22 51_23 51_24 51_25 51_26 51_27 51_28 51_29 51_30 51_31 51_32 51_33 51_34 51_35 51_36 51_37 51_38 51_39 51_40 51_41 51_42 51_43 51_44 51_45 51_46 51_47 51_48 51_49 51_50 51_51 51_52 51_53 51_54 51_55,"Gaussian-like: 63% monotonic, 335 bins"
187,ITO,48_50,48,50,215,247,17.0,7.4,4,46_50 47_51 48_50 48_51,"Gaussian-like: 100% monotonic, 4 bins"
188,(001),49_0,49,0,1018,336,21.0,10.4,11,47_0 47_1 48_0 48_1 49_0 49_1 49_2 50_0 50_1 51_0 51_1,"Gaussian-like: 79% monotonic, 11 bins"
189,(002),49_12,49,12,451,45,34.1,8.8,15,49_11 49_12 49_13 49_14 49_15 49_16 49_17 49_18 50_14 50_16 51_13 51_14 51_15 51_16 51_17,"Gaussian-like: 58% monotonic, 15 bins"
190,(001),49_13,49,13,835,961,20.0,12.1,2,49_12 49_13,"Gaussian-like: 100% monotonic, 2 bins"
191,(001),49_14,49,14,873,510,21.0,7.5,23,47_15 48_11 48_12 48_15 49_12 49_13 49_14 49_15 49_16 49_17 49_18 49_19 50_12 50_13 50_15 50_16 50_18 50_19 51_12 51_16 51_17 51_18 51_19,"Gaussian-like: 52% monotonic, 23 bins"
192,(001),49_23,49,23,819,676,27.0,12.6,6,49_23 49_24 50_23 50_24 51_23 51_24,"Gaussian-like: 86% monotonic, 6 bins"
193,(001),49_27,49,27,821,672,11.0,6.1,3,49_25 49_26 49_27,"Gaussian-like: 100% monotonic, 3 bins"
194,(001),49_47,49,47,824,702,47.0,16.4,13,48_47 49_45 49_46 49_47 49_48 50_45 50_46 50_47 50_48 51_45 51_46 51_47 51_48,"Gaussian-like: 76% monotonic, 13 bins"
195,(111),50_4,50,4,383,619,107.0,16.1,85,44_4 44_5 44_8 45_0 45_3 45_4 45_5 45_7 45_8 45_9 46_0 46_1 46_10 46_2 46_3 46_4 46_5 46_6 46_7 46_8 46_9 47_0 47_1 47_11 47_2 47_4 47_5 47_6 47_7 47_8 47_9 48_0 48_1 48_10 48_11 48_2 48_3 48_4 48_5 48_6 48_7 48_8 48_9 49_0 49_1 49_10 49_2 49_3 49_4 49_5 49_6 49_7 49_8 49_9 50_0 50_10 50_11 50_12 50_13 50_14 50_16 50_2 50_3 50_4 50_5 50_6 50_7 50_8 50_9 51_0 51_1 51_10 51_12 51_14 51_15 51_16 51_17 51_18 51_2 51_4 51_5 51_6 51_7 51_8 51_9,"Gaussian-like: 64% monotonic, 85 bins"
196,(001),50_9,50,9,803,792,13.0,6.5,3,50_8 50_9 51_9,"Gaussian-like: 100% monotonic, 3 bins"
197,(011),50_9,50,9,558,851,17.0,6.5,5,50_9 51_10 51_11 51_12 51_9,"Gaussian-like: 80% monotonic, 5 bins"
198,(012),50_11,50,11,214,142,480.0,50.5,235,42_5 42_9 43_11 43_4 43_5 43_9 44_0 44_1 44_10 44_11 44_12 44_13 44_14 44_15 44_16 44_17 44_18 44_19 44_2 44_20 44_21 44_22 44_23 44_25 44_27 44_28 44_3 44_30 44_4 44_5 44_6 44_7 44_8 44_9 45_0 45_1 45_10 45_11 45_12 45_13 45_14 45_15 45_16 45_17 45_18 45_19 45_2 45_20 45_21 45_22 45_23 45_24 45_25 45_27 45_28 45_29 45_3 45_30 45_4 45_5 45_6 45_7 45_8 45_9 46_0 46_1 46_10 46_11 46_12 46_13 46_14 46_15 46_16 46_17 46_18 46_19 46_2 46_20 46_21 46_22 46_23 46_24 46_25 46_26 46_27 46_28 46_29 46_3 46_30 46_31 46_4 46_5 46_6 46_7 46_8 46_9 47_0 47_1 47_10 47_11 47_12 47_13 47_14 47_15 47_16 47_17 47_18 47_19 47_2 47_20 47_21 47_23 47_24 47_26 47_27 47_3 47_30 47_4 47_5 47_6 47_7 47_8 47_9 48_0 48_1 48_10 48_11 48_12 48_13 48_14 48_15 48_16 48_17 48_18 48_19 48_2 48_20 48_21 48_22 48_23 48_24 48_25 48_26 48_27 48_28 48_29 48_3 48_30 48_4 48_5 48_6 48_7 48_8 48_9 49_0 49_1 49_10 49_11 49_12 49_13 49_14 49_15 49_16 49_17 49_18 49_19 49_2 49_23 49_24 49_26 49_28 49_3 49_4 49_5 49_6 49_7 49_8 49_9 50_0 50_1 50_10 50_11 50_12 50_13 50_14 50_15 50_16 50_17 50_18 50_19 50_2 50_20 50_21 50_22 50_23 50_24 50_25 50_26 50_27 50_29 50_3 50_30 50_31 50_4 50_5 50_6 50_7 50_8 50_9 51_0 51_1 51_10 51_11 51_12 51_13 51_14 51_15 51_16 51_17 51_18 51_19 51_2 51_20 51_21 51_22 51_23 51_25 51_3 51_30 51_4 51_5 51_6 51_7 51_8 51_9,"Gaussian-like: 66% monotonic, 235 bins"
199,(001),50_27,50,27,835,960,26.0,11.1,7,48_26 48_27 48_28 49_26 49_27 50_26 50_27,"Gaussian-like: 68% monotonic, 7 bins"
200,(001),50_30,50,30,873,509,16.0,7.4,18,47_28 48_27 48_28 48_29 48_30 49_31 50_25 50_26 50_27 50_28 50_29 50_30 50_31 50_32 50_33 50_34 50_35 51_34,"Gaussian-like: 44% monotonic, 18 bins"
201,(012),50_36,50,36,72,568,12.0,6.5,2,50_36 51_36,"Gaussian-like: 100% monotonic, 2 bins"
202,(001),50_37,50,37,821,674,28.0,9.3,14,46_37 47_37 48_37 48_38 49_37 49_38 50_37 50_38 50_39 50_40 50_41 51_37 51_38 51_39,"Gaussian-like: 67% monotonic, 14 bins"
203,(002),50_43,50,43,248,450,27.0,7.5,9,50_39 50_43 51_38 51_39 51_40 51_41 51_42 51_43 51_44,"Gaussian-like: 54% monotonic, 9 bins"
204,(001),50_43,50,43,819,669,11.0,5.7,2,50_43 50_44,"Gaussian-like: 100% monotonic, 2 bins"
205,(111),50_52,50,52,378,694,9.0,5.7,2,50_52 50_53,"Gaussian-like: 100% monotonic, 2 bins"
206,(002),50_60,50,60,257,412,553.0,63.1,39,41_59 41_60 41_61 41_62 42_59 42_60 42_61 42_62 43_59 43_60 43_61 43_62 44_59 44_60 44_61 44_62 45_59 45_60 45_61 45_62 46_58 46_59 46_60 46_61 46_62 47_59 47_60 47_61 47_62 48_59 48_60 48_61 48_62 49_59 49_60 49_61 49_62 50_59 50_60,"Gaussian-like: 60% monotonic, 39 bins"
207,(001),50_61,50,61,825,702,88.0,24.2,11,48_60 48_61 48_62 49_59 49_60 49_61 49_62 50_59 50_60 50_61 50_62,"Gaussian-like: 98% monotonic, 11 bins"
208,(012),51_0,51,0,56,915,188.0,37.9,58,48_1 48_10 48_12 48_18 48_3 48_4 48_8 49_0 49_1 49_12 49_16 49_17 49_2 49_3 49_5 49_7 49_9 50_0 50_1 50_10 50_11 50_12 50_13 50_14 50_15 50_16 50_17 50_18 50_19 50_2 50_3 50_4 50_5 50_6 50_7 50_8 50_9 51_0 51_1 51_10 51_11 51_12 51_13 51_14 51_15 51_16 51_17 51_18 51_19 51_2 51_20 51_3 51_4 51_5 51_6 51_7 51_8 51_9,"Gaussian-like: 59% monotonic, 58 bins"
209,(002),51_2,51,2,451,38,538.0,146.1,4,51_0 51_1 51_2 51_3,"Gaussian-like: 60% monotonic, 4 bins"
210,(002),51_10,51,10,451,45,17.0,10.1,3,51_10 51_11 51_9,"Gaussian-like: 100% monotonic, 3 bins"
211,(002),51_26,51,26,248,450,14.0,7.2,8,51_24 51_25 51_26 51_27 51_28 51_29 51_30 51_31,"Gaussian-like: 69% monotonic, 8 bins"
212,ITO,51_37,51,37,82,721,20.0,10.8,2,51_37 51_38,"Gaussian-like: 100% monotonic, 2 bins"
213,(002),51_46,51,46,257,412,317.0,45.7,37,41_45 41_46 41_47 41_48 42_45 42_46 42_47 42_48 43_45 43_46 43_47 43_48 44_46 44_47 44_48 45_46 45_47 45_48 46_46 46_47 46_48 47_46 47_47 47_48 48_46 48_47 48_48 49_46 49_47 49_48 50_46 50_47 50_48 51_45 51_46 51_47 51_48,"Gaussian-like: 66% monotonic, 37 bins"
